item_id,category,product_type,brand,color,title,description,price,image_url
item_00000,electronics,wireless headphones,Atlas,gray,Atlas Gray Wireless Headphones,"Atlas Gray Wireless Headphones designed for electronics enthusiasts. This reliable wireless headphones features modern styling, durable materials, practical performance, and comfortable everyday use. Suitable for home, travel, work, and personal activities.",860.0,https://images.unsplash.com/photo-1000000000000?auto=format&fit=crop&w=400&q=80
item_00001,home,storage organizer,Nova,gray,Nova Gray Storage Organizer,"Nova Gray Storage Organizer designed for home enthusiasts. This reliable storage organizer features modern styling, durable materials, practical performance, and comfortable everyday use. Suitable for home, travel, work, and personal activities.",103.23,https://images.unsplash.com/photo-1000000000001?auto=format&fit=crop&w=400&q=80
item_00002,fashion,winter coat,Summit,gray,Summit Gray Winter Coat,"Summit Gray Winter Coat designed for fashion enthusiasts. This reliable winter coat features modern styling, durable materials, practical performance, and comfortable everyday use. Suitable for home, travel, work, and personal activities.",788.19,https://images.unsplash.com/photo-1000000000002?auto=format&fit=crop&w=400&q=80
item_00003,beauty,body lotion,Pulse,white,Pulse White Body Lotion,"Pulse White Body Lotion designed for beauty enthusiasts. This reliable body lotion features modern styling, durable materials, practical performance, and comfortable everyday use. Suitable for home, travel, work, and personal activities.",455.87,https://images.unsplash.com/photo-1000000000003?auto=format&fit=crop&w=400&q=80
item_00004,sports,resistance bands,Orion,white,Orion White Resistance Bands,"Orion White Resistance Bands designed for sports enthusiasts. This reliable resistance bands features modern styling, durable materials, practical performance, and comfortable everyday use. Suitable for home, travel, work, and personal activities.",647.42,https://images.unsplash.com/photo-1000000000004?auto=format&fit=crop&w=400&q=80
item_00005,books,programming book,Zenith,silver,Zenith Silver Programming Book,"Zenith Silver Programming Book designed for books enthusiasts. This reliable programming book features modern styling, durable materials, practical performance, and comfortable everyday use. Suitable for home, travel, work, and personal activities.",448.97,https://images.unsplash.com/photo-1000000000005?auto=format&fit=crop&w=400&q=80
item_00006,electronics,computer monitor,Apex,black,Apex Black Computer Monitor,"Apex Black Computer Monitor designed for electronics enthusiasts. This reliable computer monitor features modern styling, durable materials, practical performance, and comfortable everyday use. Suitable for home, travel, work, and personal activities.",73.17,https://images.unsplash.com/photo-1000000000006?auto=format&fit=crop&w=400&q=80
item_00007,home,vacuum cleaner,Nexa,silver,Nexa Silver Vacuum Cleaner,"Nexa Silver Vacuum Cleaner designed for home enthusiasts. This reliable vacuum cleaner features modern styling, durable materials, practical performance, and comfortable everyday use. Suitable for home, travel, work, and personal activities.",635.34,https://images.unsplash.com/photo-1000000000007?auto=format&fit=crop&w=400&q=80
item_00008,fashion,hoodie,Atlas,gray,Atlas Gray Hoodie,"Atlas Gray Hoodie designed for fashion enthusiasts. This reliable hoodie features modern styling, durable materials, practical performance, and comfortable everyday use. Suitable for home, travel, work, and personal activities.",970.98,https://images.unsplash.com/photo-1000000000008?auto=format&fit=crop&w=400&q=80
item_00009,beauty,perfume,Zenith,brown,Zenith Brown Perfume,"Zenith Brown Perfume designed for beauty enthusiasts. This reliable perfume features modern styling, durable materials, practical performance, and comfortable everyday use. Suitable for home, travel, work, and personal activities.",780.59,https://images.unsplash.com/photo-1000000000009?auto=format&fit=crop&w=400&q=80
item_00010,sports,football,Vertex,blue,Vertex Blue Football,"Vertex Blue Football designed for sports enthusiasts. This reliable football features modern styling, durable materials, practical performance, and comfortable everyday use. Suitable for home, travel, work, and personal activities.",53.36,https://images.unsplash.com/photo-1000000000010?auto=format&fit=crop&w=400&q=80
item_00011,books,history book,Pulse,white,Pulse White History Book,"Pulse White History Book designed for books enthusiasts. This reliable history book features modern styling, durable materials, practical performance, and comfortable everyday use. Suitable for home, travel, work, and personal activities.",686.21,https://images.unsplash.com/photo-1000000000011?auto=format&fit=crop&w=400&q=80
item_00012,electronics,tablet,Atlas,blue,Atlas Blue Tablet,"Atlas Blue Tablet designed for electronics enthusiasts. This reliable tablet features modern styling, durable materials, practical performance, and comfortable everyday use. Suitable for home, travel, work, and personal activities.",332.56,https://images.unsplash.com/photo-1000000000012?auto=format&fit=crop&w=400&q=80
item_00013,home,water bottle,Summit,blue,Summit Blue Water Bottle,"Summit Blue Water Bottle designed for home enthusiasts. This reliable water bottle features modern styling, durable materials, practical performance, and comfortable everyday use. Suitable for home, travel, work, and personal activities.",474.85,https://images.unsplash.com/photo-1000000000013?auto=format&fit=crop&w=400&q=80
item_00014,fashion,sunglasses,Vertex,red,Vertex Red Sunglasses,"Vertex Red Sunglasses designed for fashion enthusiasts. This reliable sunglasses features modern styling, durable materials, practical performance, and comfortable everyday use. Suitable for home, travel, work, and personal activities.",480.94,https://images.unsplash.com/photo-1000000000014?auto=format&fit=crop&w=400&q=80
item_00015,beauty,shampoo,Orion,white,Orion White Shampoo,"Orion White Shampoo designed for beauty enthusiasts. This reliable shampoo features modern styling, durable materials, practical performance, and comfortable everyday use. Suitable for home, travel, work, and personal activities.",673.11,https://images.unsplash.com/photo-1000000000015?auto=format&fit=crop&w=400&q=80
item_00016,sports,sports bottle,Zenith,white,Zenith White Sports Bottle,"Zenith White Sports Bottle designed for sports enthusiasts. This reliable sports bottle features modern styling, durable materials, practical performance, and comfortable everyday use. Suitable for home, travel, work, and personal activities.",703.25,https://images.unsplash.com/photo-1000000000016?auto=format&fit=crop&w=400&q=80
item_00017,books,psychology book,Nova,blue,Nova Blue Psychology Book,"Nova Blue Psychology Book designed for books enthusiasts. This reliable psychology book features modern styling, durable materials, practical performance, and comfortable everyday use. Suitable for home, travel, work, and personal activities.",833.93,https://images.unsplash.com/photo-1000000000017?auto=format&fit=crop&w=400&q=80
item_00018,electronics,computer monitor,Nexa,silver,Nexa Silver Computer Monitor,"Nexa Silver Computer Monitor designed for electronics enthusiasts. This reliable computer monitor features modern styling, durable materials, practical performance, and comfortable everyday use. Suitable for home, travel, work, and personal activities.",295.43,https://images.unsplash.com/photo-1000000000018?auto=format&fit=crop&w=400&q=80
item_00019,home,storage organizer,Apex,gray,Apex Gray Storage Organizer,"Apex Gray Storage Organizer designed for home enthusiasts. This reliable storage organizer features modern styling, durable materials, practical performance, and comfortable everyday use. Suitable for home, travel, work, and personal activities.",148.34,https://images.unsplash.com/photo-1000000000019?auto=format&fit=crop&w=400&q=80
item_00020,fashion,sunglasses,Vertex,silver,Vertex Silver Sunglasses,"Vertex Silver Sunglasses designed for fashion enthusiasts. This reliable sunglasses features modern styling, durable materials, practical performance, and comfortable everyday use. Suitable for home, travel, work, and personal activities.",789.05,https://images.unsplash.com/photo-1000000000020?auto=format&fit=crop&w=400&q=80
item_00021,beauty,face moisturizer,Atlas,gray,Atlas Gray Face Moisturizer,"Atlas Gray Face Moisturizer designed for beauty enthusiasts. This reliable face moisturizer features modern styling, durable materials, practical performance, and comfortable everyday use. Suitable for home, travel, work, and personal activities.",708.1,https://images.unsplash.com/photo-1000000000021?auto=format&fit=crop&w=400&q=80
item_00022,sports,cycling helmet,Atlas,green,Atlas Green Cycling Helmet,"Atlas Green Cycling Helmet designed for sports enthusiasts. This reliable cycling helmet features modern styling, durable materials, practical performance, and comfortable everyday use. Suitable for home, travel, work, and personal activities.",573.04,https://images.unsplash.com/photo-1000000000022?auto=format&fit=crop&w=400&q=80
item_00023,books,history book,Nova,white,Nova White History Book,"Nova White History Book designed for books enthusiasts. This reliable history book features modern styling, durable materials, practical performance, and comfortable everyday use. Suitable for home, travel, work, and personal activities.",123.37,https://images.unsplash.com/photo-1000000000023?auto=format&fit=crop&w=400&q=80
item_00024,electronics,computer monitor,Lumina,gray,Lumina Gray Computer Monitor,"Lumina Gray Computer Monitor designed for electronics enthusiasts. This reliable computer monitor features modern styling, durable materials, practical performance, and comfortable everyday use. Suitable for home, travel, work, and personal activities.",569.57,https://images.unsplash.com/photo-1000000000024?auto=format&fit=crop&w=400&q=80
item_00025,home,storage organizer,Nova,silver,Nova Silver Storage Organizer,"Nova Silver Storage Organizer designed for home enthusiasts. This reliable storage organizer features modern styling, durable materials, practical performance, and comfortable everyday use. Suitable for home, travel, work, and personal activities.",638.36,https://images.unsplash.com/photo-1000000000025?auto=format&fit=crop&w=400&q=80
item_00026,fashion,winter coat,Pulse,black,Pulse Black Winter Coat,"Pulse Black Winter Coat designed for fashion enthusiasts. This reliable winter coat features modern styling, durable materials, practical performance, and comfortable everyday use. Suitable for home, travel, work, and personal activities.",310.9,https://images.unsplash.com/photo-1000000000026?auto=format&fit=crop&w=400&q=80
item_00027,beauty,hair dryer,Lumina,black,Lumina Black Hair Dryer,"Lumina Black Hair Dryer designed for beauty enthusiasts. This reliable hair dryer features modern styling, durable materials, practical performance, and comfortable everyday use. Suitable for home, travel, work, and personal activities.",442.34,https://images.unsplash.com/photo-1000000000027?auto=format&fit=crop&w=400&q=80
item_00028,sports,sports bottle,Apex,blue,Apex Blue Sports Bottle,"Apex Blue Sports Bottle designed for sports enthusiasts. This reliable sports bottle features modern styling, durable materials, practical performance, and comfortable everyday use. Suitable for home, travel, work, and personal activities.",854.86,https://images.unsplash.com/photo-1000000000028?auto=format&fit=crop&w=400&q=80
item_00029,books,history book,Nova,white,Nova White History Book,"Nova White History Book designed for books enthusiasts. This reliable history book features modern styling, durable materials, practical performance, and comfortable everyday use. Suitable for home, travel, work, and personal activities.",67.71,https://images.unsplash.com/photo-1000000000029?auto=format&fit=crop&w=400&q=80
item_00030,electronics,webcam,Apex,brown,Apex Brown Webcam,"Apex Brown Webcam designed for electronics enthusiasts. This reliable webcam features modern styling, durable materials, practical performance, and comfortable everyday use. Suitable for home, travel, work, and personal activities.",665.29,https://images.unsplash.com/photo-1000000000030?auto=format&fit=crop&w=400&q=80
item_00031,home,air purifier,Vertex,green,Vertex Green Air Purifier,"Vertex Green Air Purifier designed for home enthusiasts. This reliable air purifier features modern styling, durable materials, practical performance, and comfortable everyday use. Suitable for home, travel, work, and personal activities.",786.05,https://images.unsplash.com/photo-1000000000031?auto=format&fit=crop&w=400&q=80
item_00032,fashion,wrist watch,Lumina,red,Lumina Red Wrist Watch,"Lumina Red Wrist Watch designed for fashion enthusiasts. This reliable wrist watch features modern styling, durable materials, practical performance, and comfortable everyday use. Suitable for home, travel, work, and personal activities.",815.87,https://images.unsplash.com/photo-1000000000032?auto=format&fit=crop&w=400&q=80
item_00033,beauty,skin cleanser,Orion,white,Orion White Skin Cleanser,"Orion White Skin Cleanser designed for beauty enthusiasts. This reliable skin cleanser features modern styling, durable materials, practical performance, and comfortable everyday use. Suitable for home, travel, work, and personal activities.",32.47,https://images.unsplash.com/photo-1000000000033?auto=format&fit=crop&w=400&q=80
item_00034,sports,yoga mat,Nova,silver,Nova Silver Yoga Mat,"Nova Silver Yoga Mat designed for sports enthusiasts. This reliable yoga mat features modern styling, durable materials, practical performance, and comfortable everyday use. Suitable for home, travel, work, and personal activities.",467.25,https://images.unsplash.com/photo-1000000000034?auto=format&fit=crop&w=400&q=80
item_00035,books,cooking book,Atlas,white,Atlas White Cooking Book,"Atlas White Cooking Book designed for books enthusiasts. This reliable cooking book features modern styling, durable materials, practical performance, and comfortable everyday use. Suitable for home, travel, work, and personal activities.",506.02,https://images.unsplash.com/photo-1000000000035?auto=format&fit=crop&w=400&q=80
item_00036,electronics,tablet,Vertex,red,Vertex Red Tablet,"Vertex Red Tablet designed for electronics enthusiasts. This reliable tablet features modern styling, durable materials, practical performance, and comfortable everyday use. Suitable for home, travel, work, and personal activities.",451.68,https://images.unsplash.com/photo-1000000000036?auto=format&fit=crop&w=400&q=80
item_00037,home,bedding set,Vertex,red,Vertex Red Bedding Set,"Vertex Red Bedding Set designed for home enthusiasts. This reliable bedding set features modern styling, durable materials, practical performance, and comfortable everyday use. Suitable for home, travel, work, and personal activities.",308.49,https://images.unsplash.com/photo-1000000000037?auto=format&fit=crop&w=400&q=80
item_00038,fashion,backpack,Lumina,green,Lumina Green Backpack,"Lumina Green Backpack designed for fashion enthusiasts. This reliable backpack features modern styling, durable materials, practical performance, and comfortable everyday use. Suitable for home, travel, work, and personal activities.",96.76,https://images.unsplash.com/photo-1000000000038?auto=format&fit=crop&w=400&q=80
item_00039,beauty,perfume,Orion,black,Orion Black Perfume,"Orion Black Perfume designed for beauty enthusiasts. This reliable perfume features modern styling, durable materials, practical performance, and comfortable everyday use. Suitable for home, travel, work, and personal activities.",962.27,https://images.unsplash.com/photo-1000000000039?auto=format&fit=crop&w=400&q=80
item_00040,sports,cycling helmet,Summit,red,Summit Red Cycling Helmet,"Summit Red Cycling Helmet designed for sports enthusiasts. This reliable cycling helmet features modern styling, durable materials, practical performance, and comfortable everyday use. Suitable for home, travel, work, and personal activities.",273.2,https://images.unsplash.com/photo-1000000000040?auto=format&fit=crop&w=400&q=80
item_00041,books,cooking book,Atlas,brown,Atlas Brown Cooking Book,"Atlas Brown Cooking Book designed for books enthusiasts. This reliable cooking book features modern styling, durable materials, practical performance, and comfortable everyday use. Suitable for home, travel, work, and personal activities.",780.95,https://images.unsplash.com/photo-1000000000041?auto=format&fit=crop&w=400&q=80
item_00042,electronics,mechanical keyboard,Atlas,silver,Atlas Silver Mechanical Keyboard,"Atlas Silver Mechanical Keyboard designed for electronics enthusiasts. This reliable mechanical keyboard features modern styling, durable materials, practical performance, and comfortable everyday use. Suitable for home, travel, work, and personal activities.",279.51,https://images.unsplash.com/photo-1000000000042?auto=format&fit=crop&w=400&q=80
item_00043,home,storage organizer,Nova,black,Nova Black Storage Organizer,"Nova Black Storage Organizer designed for home enthusiasts. This reliable storage organizer features modern styling, durable materials, practical performance, and comfortable everyday use. Suitable for home, travel, work, and personal activities.",903.57,https://images.unsplash.com/photo-1000000000043?auto=format&fit=crop&w=400&q=80
item_00044,fashion,hoodie,Zenith,gray,Zenith Gray Hoodie,"Zenith Gray Hoodie designed for fashion enthusiasts. This reliable hoodie features modern styling, durable materials, practical performance, and comfortable everyday use. Suitable for home, travel, work, and personal activities.",312.89,https://images.unsplash.com/photo-1000000000044?auto=format&fit=crop&w=400&q=80
item_00045,beauty,shampoo,Nexa,green,Nexa Green Shampoo,"Nexa Green Shampoo designed for beauty enthusiasts. This reliable shampoo features modern styling, durable materials, practical performance, and comfortable everyday use. Suitable for home, travel, work, and personal activities.",185.0,https://images.unsplash.com/photo-1000000000045?auto=format&fit=crop&w=400&q=80
item_00046,sports,tennis racket,Nexa,black,Nexa Black Tennis Racket,"Nexa Black Tennis Racket designed for sports enthusiasts. This reliable tennis racket features modern styling, durable materials, practical performance, and comfortable everyday use. Suitable for home, travel, work, and personal activities.",722.26,https://images.unsplash.com/photo-1000000000046?auto=format&fit=crop&w=400&q=80
item_00047,books,psychology book,Lumina,red,Lumina Red Psychology Book,"Lumina Red Psychology Book designed for books enthusiasts. This reliable psychology book features modern styling, durable materials, practical performance, and comfortable everyday use. Suitable for home, travel, work, and personal activities.",631.03,https://images.unsplash.com/photo-1000000000047?auto=format&fit=crop&w=400&q=80
item_00048,electronics,smartphone,Pulse,black,Pulse Black Smartphone,"Pulse Black Smartphone designed for electronics enthusiasts. This reliable smartphone features modern styling, durable materials, practical performance, and comfortable everyday use. Suitable for home, travel, work, and personal activities.",93.59,https://images.unsplash.com/photo-1000000000048?auto=format&fit=crop&w=400&q=80
item_00049,home,bedding set,Atlas,red,Atlas Red Bedding Set,"Atlas Red Bedding Set designed for home enthusiasts. This reliable bedding set features modern styling, durable materials, practical performance, and comfortable everyday use. Suitable for home, travel, work, and personal activities.",51.19,https://images.unsplash.com/photo-1000000000049?auto=format&fit=crop&w=400&q=80
item_00050,fashion,hoodie,Zenith,white,Zenith White Hoodie,"Zenith White Hoodie designed for fashion enthusiasts. This reliable hoodie features modern styling, durable materials, practical performance, and comfortable everyday use. Suitable for home, travel, work, and personal activities.",153.07,https://images.unsplash.com/photo-1000000000050?auto=format&fit=crop&w=400&q=80
item_00051,beauty,perfume,Lumina,black,Lumina Black Perfume,"Lumina Black Perfume designed for beauty enthusiasts. This reliable perfume features modern styling, durable materials, practical performance, and comfortable everyday use. Suitable for home, travel, work, and personal activities.",591.76,https://images.unsplash.com/photo-1000000000051?auto=format&fit=crop&w=400&q=80
item_00052,sports,football,Vertex,blue,Vertex Blue Football,"Vertex Blue Football designed for sports enthusiasts. This reliable football features modern styling, durable materials, practical performance, and comfortable everyday use. Suitable for home, travel, work, and personal activities.",585.24,https://images.unsplash.com/photo-1000000000052?auto=format&fit=crop&w=400&q=80
item_00053,books,programming book,Zenith,blue,Zenith Blue Programming Book,"Zenith Blue Programming Book designed for books enthusiasts. This reliable programming book features modern styling, durable materials, practical performance, and comfortable everyday use. Suitable for home, travel, work, and personal activities.",595.0,https://images.unsplash.com/photo-1000000000053?auto=format&fit=crop&w=400&q=80
item_00054,electronics,mechanical keyboard,Nova,white,Nova White Mechanical Keyboard,"Nova White Mechanical Keyboard designed for electronics enthusiasts. This reliable mechanical keyboard features modern styling, durable materials, practical performance, and comfortable everyday use. Suitable for home, travel, work, and personal activities.",487.47,https://images.unsplash.com/photo-1000000000054?auto=format&fit=crop&w=400&q=80
item_00055,home,water bottle,Zenith,silver,Zenith Silver Water Bottle,"Zenith Silver Water Bottle designed for home enthusiasts. This reliable water bottle features modern styling, durable materials, practical performance, and comfortable everyday use. Suitable for home, travel, work, and personal activities.",91.89,https://images.unsplash.com/photo-1000000000055?auto=format&fit=crop&w=400&q=80
item_00056,fashion,denim jacket,Zenith,gray,Zenith Gray Denim Jacket,"Zenith Gray Denim Jacket designed for fashion enthusiasts. This reliable denim jacket features modern styling, durable materials, practical performance, and comfortable everyday use. Suitable for home, travel, work, and personal activities.",938.44,https://images.unsplash.com/photo-1000000000056?auto=format&fit=crop&w=400&q=80
item_00057,beauty,skin cleanser,Vertex,green,Vertex Green Skin Cleanser,"Vertex Green Skin Cleanser designed for beauty enthusiasts. This reliable skin cleanser features modern styling, durable materials, practical performance, and comfortable everyday use. Suitable for home, travel, work, and personal activities.",478.74,https://images.unsplash.com/photo-1000000000057?auto=format&fit=crop&w=400&q=80
item_00058,sports,football,Apex,brown,Apex Brown Football,"Apex Brown Football designed for sports enthusiasts. This reliable football features modern styling, durable materials, practical performance, and comfortable everyday use. Suitable for home, travel, work, and personal activities.",525.46,https://images.unsplash.com/photo-1000000000058?auto=format&fit=crop&w=400&q=80
item_00059,books,science fiction novel,Nexa,red,Nexa Red Science Fiction Novel,"Nexa Red Science Fiction Novel designed for books enthusiasts. This reliable science fiction novel features modern styling, durable materials, practical performance, and comfortable everyday use. Suitable for home, travel, work, and personal activities.",31.39,https://images.unsplash.com/photo-1000000000059?auto=format&fit=crop&w=400&q=80
item_00060,electronics,mechanical keyboard,Nexa,black,Nexa Black Mechanical Keyboard,"Nexa Black Mechanical Keyboard designed for electronics enthusiasts. This reliable mechanical keyboard features modern styling, durable materials, practical performance, and comfortable everyday use. Suitable for home, travel, work, and personal activities.",148.84,https://images.unsplash.com/photo-1000000000060?auto=format&fit=crop&w=400&q=80
item_00061,home,water bottle,Orion,green,Orion Green Water Bottle,"Orion Green Water Bottle designed for home enthusiasts. This reliable water bottle features modern styling, durable materials, practical performance, and comfortable everyday use. Suitable for home, travel, work, and personal activities.",117.48,https://images.unsplash.com/photo-1000000000061?auto=format&fit=crop&w=400&q=80
item_00062,fashion,backpack,Lumina,black,Lumina Black Backpack,"Lumina Black Backpack designed for fashion enthusiasts. This reliable backpack features modern styling, durable materials, practical performance, and comfortable everyday use. Suitable for home, travel, work, and personal activities.",662.82,https://images.unsplash.com/photo-1000000000062?auto=format&fit=crop&w=400&q=80
item_00063,beauty,perfume,Atlas,gray,Atlas Gray Perfume,"Atlas Gray Perfume designed for beauty enthusiasts. This reliable perfume features modern styling, durable materials, practical performance, and comfortable everyday use. Suitable for home, travel, work, and personal activities.",770.95,https://images.unsplash.com/photo-1000000000063?auto=format&fit=crop&w=400&q=80
item_00064,sports,cycling helmet,Vertex,green,Vertex Green Cycling Helmet,"Vertex Green Cycling Helmet designed for sports enthusiasts. This reliable cycling helmet features modern styling, durable materials, practical performance, and comfortable everyday use. Suitable for home, travel, work, and personal activities.",237.9,https://images.unsplash.com/photo-1000000000064?auto=format&fit=crop&w=400&q=80
item_00065,books,programming book,Apex,black,Apex Black Programming Book,"Apex Black Programming Book designed for books enthusiasts. This reliable programming book features modern styling, durable materials, practical performance, and comfortable everyday use. Suitable for home, travel, work, and personal activities.",559.29,https://images.unsplash.com/photo-1000000000065?auto=format&fit=crop&w=400&q=80
item_00066,electronics,portable speaker,Orion,blue,Orion Blue Portable Speaker,"Orion Blue Portable Speaker designed for electronics enthusiasts. This reliable portable speaker features modern styling, durable materials, practical performance, and comfortable everyday use. Suitable for home, travel, work, and personal activities.",810.16,https://images.unsplash.com/photo-1000000000066?auto=format&fit=crop&w=400&q=80
item_00067,home,kitchen scale,Summit,blue,Summit Blue Kitchen Scale,"Summit Blue Kitchen Scale designed for home enthusiasts. This reliable kitchen scale features modern styling, durable materials, practical performance, and comfortable everyday use. Suitable for home, travel, work, and personal activities.",953.36,https://images.unsplash.com/photo-1000000000067?auto=format&fit=crop&w=400&q=80
item_00068,fashion,backpack,Apex,green,Apex Green Backpack,"Apex Green Backpack designed for fashion enthusiasts. This reliable backpack features modern styling, durable materials, practical performance, and comfortable everyday use. Suitable for home, travel, work, and personal activities.",263.4,https://images.unsplash.com/photo-1000000000068?auto=format&fit=crop&w=400&q=80
item_00069,beauty,hair dryer,Summit,brown,Summit Brown Hair Dryer,"Summit Brown Hair Dryer designed for beauty enthusiasts. This reliable hair dryer features modern styling, durable materials, practical performance, and comfortable everyday use. Suitable for home, travel, work, and personal activities.",172.95,https://images.unsplash.com/photo-1000000000069?auto=format&fit=crop&w=400&q=80
item_00070,sports,resistance bands,Nova,blue,Nova Blue Resistance Bands,"Nova Blue Resistance Bands designed for sports enthusiasts. This reliable resistance bands features modern styling, durable materials, practical performance, and comfortable everyday use. Suitable for home, travel, work, and personal activities.",992.44,https://images.unsplash.com/photo-1000000000070?auto=format&fit=crop&w=400&q=80
item_00071,books,history book,Vertex,brown,Vertex Brown History Book,"Vertex Brown History Book designed for books enthusiasts. This reliable history book features modern styling, durable materials, practical performance, and comfortable everyday use. Suitable for home, travel, work, and personal activities.",751.11,https://images.unsplash.com/photo-1000000000071?auto=format&fit=crop&w=400&q=80
item_00072,electronics,webcam,Nexa,white,Nexa White Webcam,"Nexa White Webcam designed for electronics enthusiasts. This reliable webcam features modern styling, durable materials, practical performance, and comfortable everyday use. Suitable for home, travel, work, and personal activities.",523.66,https://images.unsplash.com/photo-1000000000072?auto=format&fit=crop&w=400&q=80
item_00073,home,water bottle,Zenith,blue,Zenith Blue Water Bottle,"Zenith Blue Water Bottle designed for home enthusiasts. This reliable water bottle features modern styling, durable materials, practical performance, and comfortable everyday use. Suitable for home, travel, work, and personal activities.",774.28,https://images.unsplash.com/photo-1000000000073?auto=format&fit=crop&w=400&q=80
item_00074,fashion,denim jacket,Lumina,red,Lumina Red Denim Jacket,"Lumina Red Denim Jacket designed for fashion enthusiasts. This reliable denim jacket features modern styling, durable materials, practical performance, and comfortable everyday use. Suitable for home, travel, work, and personal activities.",103.51,https://images.unsplash.com/photo-1000000000074?auto=format&fit=crop&w=400&q=80
item_00075,beauty,perfume,Atlas,gray,Atlas Gray Perfume,"Atlas Gray Perfume designed for beauty enthusiasts. This reliable perfume features modern styling, durable materials, practical performance, and comfortable everyday use. Suitable for home, travel, work, and personal activities.",269.83,https://images.unsplash.com/photo-1000000000075?auto=format&fit=crop&w=400&q=80
item_00076,sports,yoga mat,Summit,brown,Summit Brown Yoga Mat,"Summit Brown Yoga Mat designed for sports enthusiasts. This reliable yoga mat features modern styling, durable materials, practical performance, and comfortable everyday use. Suitable for home, travel, work, and personal activities.",131.52,https://images.unsplash.com/photo-1000000000076?auto=format&fit=crop&w=400&q=80
item_00077,books,business strategy book,Nova,silver,Nova Silver Business Strategy Book,"Nova Silver Business Strategy Book designed for books enthusiasts. This reliable business strategy book features modern styling, durable materials, practical performance, and comfortable everyday use. Suitable for home, travel, work, and personal activities.",161.74,https://images.unsplash.com/photo-1000000000077?auto=format&fit=crop&w=400&q=80
item_00078,electronics,fitness tracker,Vertex,blue,Vertex Blue Fitness Tracker,"Vertex Blue Fitness Tracker designed for electronics enthusiasts. This reliable fitness tracker features modern styling, durable materials, practical performance, and comfortable everyday use. Suitable for home, travel, work, and personal activities.",875.81,https://images.unsplash.com/photo-1000000000078?auto=format&fit=crop&w=400&q=80
item_00079,home,vacuum cleaner,Nova,white,Nova White Vacuum Cleaner,"Nova White Vacuum Cleaner designed for home enthusiasts. This reliable vacuum cleaner features modern styling, durable materials, practical performance, and comfortable everyday use. Suitable for home, travel, work, and personal activities.",317.21,https://images.unsplash.com/photo-1000000000079?auto=format&fit=crop&w=400&q=80
item_00080,fashion,wrist watch,Atlas,blue,Atlas Blue Wrist Watch,"Atlas Blue Wrist Watch designed for fashion enthusiasts. This reliable wrist watch features modern styling, durable materials, practical performance, and comfortable everyday use. Suitable for home, travel, work, and personal activities.",505.72,https://images.unsplash.com/photo-1000000000080?auto=format&fit=crop&w=400&q=80
item_00081,beauty,sunscreen,Zenith,white,Zenith White Sunscreen,"Zenith White Sunscreen designed for beauty enthusiasts. This reliable sunscreen features modern styling, durable materials, practical performance, and comfortable everyday use. Suitable for home, travel, work, and personal activities.",23.79,https://images.unsplash.com/photo-1000000000081?auto=format&fit=crop&w=400&q=80
item_00082,sports,dumbbell set,Apex,blue,Apex Blue Dumbbell Set,"Apex Blue Dumbbell Set designed for sports enthusiasts. This reliable dumbbell set features modern styling, durable materials, practical performance, and comfortable everyday use. Suitable for home, travel, work, and personal activities.",680.87,https://images.unsplash.com/photo-1000000000082?auto=format&fit=crop&w=400&q=80
item_00083,books,business strategy book,Summit,black,Summit Black Business Strategy Book,"Summit Black Business Strategy Book designed for books enthusiasts. This reliable business strategy book features modern styling, durable materials, practical performance, and comfortable everyday use. Suitable for home, travel, work, and personal activities.",511.26,https://images.unsplash.com/photo-1000000000083?auto=format&fit=crop&w=400&q=80
item_00084,electronics,tablet,Lumina,silver,Lumina Silver Tablet,"Lumina Silver Tablet designed for electronics enthusiasts. This reliable tablet features modern styling, durable materials, practical performance, and comfortable everyday use. Suitable for home, travel, work, and personal activities.",207.77,https://images.unsplash.com/photo-1000000000084?auto=format&fit=crop&w=400&q=80
item_00085,home,vacuum cleaner,Nexa,silver,Nexa Silver Vacuum Cleaner,"Nexa Silver Vacuum Cleaner designed for home enthusiasts. This reliable vacuum cleaner features modern styling, durable materials, practical performance, and comfortable everyday use. Suitable for home, travel, work, and personal activities.",718.24,https://images.unsplash.com/photo-1000000000085?auto=format&fit=crop&w=400&q=80
item_00086,fashion,running shoes,Atlas,silver,Atlas Silver Running Shoes,"Atlas Silver Running Shoes designed for fashion enthusiasts. This reliable running shoes features modern styling, durable materials, practical performance, and comfortable everyday use. Suitable for home, travel, work, and personal activities.",132.51,https://images.unsplash.com/photo-1000000000086?auto=format&fit=crop&w=400&q=80
item_00087,beauty,shampoo,Pulse,brown,Pulse Brown Shampoo,"Pulse Brown Shampoo designed for beauty enthusiasts. This reliable shampoo features modern styling, durable materials, practical performance, and comfortable everyday use. Suitable for home, travel, work, and personal activities.",403.59,https://images.unsplash.com/photo-1000000000087?auto=format&fit=crop&w=400&q=80
item_00088,sports,sports bottle,Orion,white,Orion White Sports Bottle,"Orion White Sports Bottle designed for sports enthusiasts. This reliable sports bottle features modern styling, durable materials, practical performance, and comfortable everyday use. Suitable for home, travel, work, and personal activities.",666.23,https://images.unsplash.com/photo-1000000000088?auto=format&fit=crop&w=400&q=80
item_00089,books,history book,Orion,brown,Orion Brown History Book,"Orion Brown History Book designed for books enthusiasts. This reliable history book features modern styling, durable materials, practical performance, and comfortable everyday use. Suitable for home, travel, work, and personal activities.",293.57,https://images.unsplash.com/photo-1000000000089?auto=format&fit=crop&w=400&q=80
item_00090,electronics,tablet,Summit,red,Summit Red Tablet,"Summit Red Tablet designed for electronics enthusiasts. This reliable tablet features modern styling, durable materials, practical performance, and comfortable everyday use. Suitable for home, travel, work, and personal activities.",559.64,https://images.unsplash.com/photo-1000000000090?auto=format&fit=crop&w=400&q=80
item_00091,home,desk lamp,Vertex,gray,Vertex Gray Desk Lamp,"Vertex Gray Desk Lamp designed for home enthusiasts. This reliable desk lamp features modern styling, durable materials, practical performance, and comfortable everyday use. Suitable for home, travel, work, and personal activities.",114.83,https://images.unsplash.com/photo-1000000000091?auto=format&fit=crop&w=400&q=80
item_00092,fashion,backpack,Vertex,gray,Vertex Gray Backpack,"Vertex Gray Backpack designed for fashion enthusiasts. This reliable backpack features modern styling, durable materials, practical performance, and comfortable everyday use. Suitable for home, travel, work, and personal activities.",966.56,https://images.unsplash.com/photo-1000000000092?auto=format&fit=crop&w=400&q=80
item_00093,beauty,skin cleanser,Vertex,green,Vertex Green Skin Cleanser,"Vertex Green Skin Cleanser designed for beauty enthusiasts. This reliable skin cleanser features modern styling, durable materials, practical performance, and comfortable everyday use. Suitable for home, travel, work, and personal activities.",933.68,https://images.unsplash.com/photo-1000000000093?auto=format&fit=crop&w=400&q=80
item_00094,sports,hiking backpack,Nexa,red,Nexa Red Hiking Backpack,"Nexa Red Hiking Backpack designed for sports enthusiasts. This reliable hiking backpack features modern styling, durable materials, practical performance, and comfortable everyday use. Suitable for home, travel, work, and personal activities.",786.91,https://images.unsplash.com/photo-1000000000094?auto=format&fit=crop&w=400&q=80
item_00095,books,history book,Nexa,black,Nexa Black History Book,"Nexa Black History Book designed for books enthusiasts. This reliable history book features modern styling, durable materials, practical performance, and comfortable everyday use. Suitable for home, travel, work, and personal activities.",118.04,https://images.unsplash.com/photo-1000000000095?auto=format&fit=crop&w=400&q=80
item_00096,electronics,mechanical keyboard,Nexa,blue,Nexa Blue Mechanical Keyboard,"Nexa Blue Mechanical Keyboard designed for electronics enthusiasts. This reliable mechanical keyboard features modern styling, durable materials, practical performance, and comfortable everyday use. Suitable for home, travel, work, and personal activities.",240.3,https://images.unsplash.com/photo-1000000000096?auto=format&fit=crop&w=400&q=80
item_00097,home,kitchen scale,Orion,green,Orion Green Kitchen Scale,"Orion Green Kitchen Scale designed for home enthusiasts. This reliable kitchen scale features modern styling, durable materials, practical performance, and comfortable everyday use. Suitable for home, travel, work, and personal activities.",609.95,https://images.unsplash.com/photo-1000000000097?auto=format&fit=crop&w=400&q=80
item_00098,fashion,wrist watch,Nexa,silver,Nexa Silver Wrist Watch,"Nexa Silver Wrist Watch designed for fashion enthusiasts. This reliable wrist watch features modern styling, durable materials, practical performance, and comfortable everyday use. Suitable for home, travel, work, and personal activities.",418.44,https://images.unsplash.com/photo-1000000000098?auto=format&fit=crop&w=400&q=80
item_00099,beauty,hair dryer,Vertex,blue,Vertex Blue Hair Dryer,"Vertex Blue Hair Dryer designed for beauty enthusiasts. This reliable hair dryer features modern styling, durable materials, practical performance, and comfortable everyday use. Suitable for home, travel, work, and personal activities.",431.61,https://images.unsplash.com/photo-1000000000099?auto=format&fit=crop&w=400&q=80
item_00100,sports,yoga mat,Lumina,brown,Lumina Brown Yoga Mat,"Lumina Brown Yoga Mat designed for sports enthusiasts. This reliable yoga mat features modern styling, durable materials, practical performance, and comfortable everyday use. Suitable for home, travel, work, and personal activities.",459.35,https://images.unsplash.com/photo-1000000000100?auto=format&fit=crop&w=400&q=80
item_00101,books,psychology book,Pulse,white,Pulse White Psychology Book,"Pulse White Psychology Book designed for books enthusiasts. This reliable psychology book features modern styling, durable materials, practical performance, and comfortable everyday use. Suitable for home, travel, work, and personal activities.",244.29,https://images.unsplash.com/photo-1000000000101?auto=format&fit=crop&w=400&q=80
item_00102,electronics,tablet,Atlas,silver,Atlas Silver Tablet,"Atlas Silver Tablet designed for electronics enthusiasts. This reliable tablet features modern styling, durable materials, practical performance, and comfortable everyday use. Suitable for home, travel, work, and personal activities.",114.22,https://images.unsplash.com/photo-1000000000102?auto=format&fit=crop&w=400&q=80
item_00103,home,kitchen scale,Nexa,black,Nexa Black Kitchen Scale,"Nexa Black Kitchen Scale designed for home enthusiasts. This reliable kitchen scale features modern styling, durable materials, practical performance, and comfortable everyday use. Suitable for home, travel, work, and personal activities.",598.48,https://images.unsplash.com/photo-1000000000103?auto=format&fit=crop&w=400&q=80
item_00104,fashion,denim jacket,Vertex,white,Vertex White Denim Jacket,"Vertex White Denim Jacket designed for fashion enthusiasts. This reliable denim jacket features modern styling, durable materials, practical performance, and comfortable everyday use. Suitable for home, travel, work, and personal activities.",317.22,https://images.unsplash.com/photo-1000000000104?auto=format&fit=crop&w=400&q=80
item_00105,beauty,body lotion,Summit,white,Summit White Body Lotion,"Summit White Body Lotion designed for beauty enthusiasts. This reliable body lotion features modern styling, durable materials, practical performance, and comfortable everyday use. Suitable for home, travel, work, and personal activities.",921.75,https://images.unsplash.com/photo-1000000000105?auto=format&fit=crop&w=400&q=80
item_00106,sports,resistance bands,Vertex,white,Vertex White Resistance Bands,"Vertex White Resistance Bands designed for sports enthusiasts. This reliable resistance bands features modern styling, durable materials, practical performance, and comfortable everyday use. Suitable for home, travel, work, and personal activities.",162.07,https://images.unsplash.com/photo-1000000000106?auto=format&fit=crop&w=400&q=80
item_00107,books,science fiction novel,Zenith,black,Zenith Black Science Fiction Novel,"Zenith Black Science Fiction Novel designed for books enthusiasts. This reliable science fiction novel features modern styling, durable materials, practical performance, and comfortable everyday use. Suitable for home, travel, work, and personal activities.",30.93,https://images.unsplash.com/photo-1000000000107?auto=format&fit=crop&w=400&q=80
item_00108,electronics,fitness tracker,Nova,white,Nova White Fitness Tracker,"Nova White Fitness Tracker designed for electronics enthusiasts. This reliable fitness tracker features modern styling, durable materials, practical performance, and comfortable everyday use. Suitable for home, travel, work, and personal activities.",62.84,https://images.unsplash.com/photo-1000000000108?auto=format&fit=crop&w=400&q=80
item_00109,home,coffee maker,Zenith,green,Zenith Green Coffee Maker,"Zenith Green Coffee Maker designed for home enthusiasts. This reliable coffee maker features modern styling, durable materials, practical performance, and comfortable everyday use. Suitable for home, travel, work, and personal activities.",683.9,https://images.unsplash.com/photo-1000000000109?auto=format&fit=crop&w=400&q=80
item_00110,fashion,sunglasses,Orion,silver,Orion Silver Sunglasses,"Orion Silver Sunglasses designed for fashion enthusiasts. This reliable sunglasses features modern styling, durable materials, practical performance, and comfortable everyday use. Suitable for home, travel, work, and personal activities.",509.47,https://images.unsplash.com/photo-1000000000110?auto=format&fit=crop&w=400&q=80
item_00111,beauty,perfume,Atlas,brown,Atlas Brown Perfume,"Atlas Brown Perfume designed for beauty enthusiasts. This reliable perfume features modern styling, durable materials, practical performance, and comfortable everyday use. Suitable for home, travel, work, and personal activities.",852.61,https://images.unsplash.com/photo-1000000000111?auto=format&fit=crop&w=400&q=80
item_00112,sports,resistance bands,Nova,red,Nova Red Resistance Bands,"Nova Red Resistance Bands designed for sports enthusiasts. This reliable resistance bands features modern styling, durable materials, practical performance, and comfortable everyday use. Suitable for home, travel, work, and personal activities.",244.37,https://images.unsplash.com/photo-1000000000112?auto=format&fit=crop&w=400&q=80
item_00113,books,business strategy book,Apex,white,Apex White Business Strategy Book,"Apex White Business Strategy Book designed for books enthusiasts. This reliable business strategy book features modern styling, durable materials, practical performance, and comfortable everyday use. Suitable for home, travel, work, and personal activities.",575.51,https://images.unsplash.com/photo-1000000000113?auto=format&fit=crop&w=400&q=80
item_00114,electronics,tablet,Zenith,blue,Zenith Blue Tablet,"Zenith Blue Tablet designed for electronics enthusiasts. This reliable tablet features modern styling, durable materials, practical performance, and comfortable everyday use. Suitable for home, travel, work, and personal activities.",379.87,https://images.unsplash.com/photo-1000000000114?auto=format&fit=crop&w=400&q=80
item_00115,home,desk lamp,Summit,green,Summit Green Desk Lamp,"Summit Green Desk Lamp designed for home enthusiasts. This reliable desk lamp features modern styling, durable materials, practical performance, and comfortable everyday use. Suitable for home, travel, work, and personal activities.",110.65,https://images.unsplash.com/photo-1000000000115?auto=format&fit=crop&w=400&q=80
item_00116,fashion,running shoes,Nexa,black,Nexa Black Running Shoes,"Nexa Black Running Shoes designed for fashion enthusiasts. This reliable running shoes features modern styling, durable materials, practical performance, and comfortable everyday use. Suitable for home, travel, work, and personal activities.",925.58,https://images.unsplash.com/photo-1000000000116?auto=format&fit=crop&w=400&q=80
item_00117,beauty,face moisturizer,Lumina,black,Lumina Black Face Moisturizer,"Lumina Black Face Moisturizer designed for beauty enthusiasts. This reliable face moisturizer features modern styling, durable materials, practical performance, and comfortable everyday use. Suitable for home, travel, work, and personal activities.",845.13,https://images.unsplash.com/photo-1000000000117?auto=format&fit=crop&w=400&q=80
item_00118,sports,football,Summit,white,Summit White Football,"Summit White Football designed for sports enthusiasts. This reliable football features modern styling, durable materials, practical performance, and comfortable everyday use. Suitable for home, travel, work, and personal activities.",804.0,https://images.unsplash.com/photo-1000000000118?auto=format&fit=crop&w=400&q=80
item_00119,books,programming book,Pulse,silver,Pulse Silver Programming Book,"Pulse Silver Programming Book designed for books enthusiasts. This reliable programming book features modern styling, durable materials, practical performance, and comfortable everyday use. Suitable for home, travel, work, and personal activities.",646.05,https://images.unsplash.com/photo-1000000000119?auto=format&fit=crop&w=400&q=80
item_00120,electronics,portable speaker,Atlas,gray,Atlas Gray Portable Speaker,"Atlas Gray Portable Speaker designed for electronics enthusiasts. This reliable portable speaker features modern styling, durable materials, practical performance, and comfortable everyday use. Suitable for home, travel, work, and personal activities.",540.7,https://images.unsplash.com/photo-1000000000120?auto=format&fit=crop&w=400&q=80
item_00121,home,coffee maker,Orion,green,Orion Green Coffee Maker,"Orion Green Coffee Maker designed for home enthusiasts. This reliable coffee maker features modern styling, durable materials, practical performance, and comfortable everyday use. Suitable for home, travel, work, and personal activities.",858.99,https://images.unsplash.com/photo-1000000000121?auto=format&fit=crop&w=400&q=80
item_00122,fashion,sunglasses,Zenith,silver,Zenith Silver Sunglasses,"Zenith Silver Sunglasses designed for fashion enthusiasts. This reliable sunglasses features modern styling, durable materials, practical performance, and comfortable everyday use. Suitable for home, travel, work, and personal activities.",643.16,https://images.unsplash.com/photo-1000000000122?auto=format&fit=crop&w=400&q=80
item_00123,beauty,skin cleanser,Apex,blue,Apex Blue Skin Cleanser,"Apex Blue Skin Cleanser designed for beauty enthusiasts. This reliable skin cleanser features modern styling, durable materials, practical performance, and comfortable everyday use. Suitable for home, travel, work, and personal activities.",148.36,https://images.unsplash.com/photo-1000000000123?auto=format&fit=crop&w=400&q=80
item_00124,sports,tennis racket,Zenith,white,Zenith White Tennis Racket,"Zenith White Tennis Racket designed for sports enthusiasts. This reliable tennis racket features modern styling, durable materials, practical performance, and comfortable everyday use. Suitable for home, travel, work, and personal activities.",240.23,https://images.unsplash.com/photo-1000000000124?auto=format&fit=crop&w=400&q=80
item_00125,books,history book,Orion,blue,Orion Blue History Book,"Orion Blue History Book designed for books enthusiasts. This reliable history book features modern styling, durable materials, practical performance, and comfortable everyday use. Suitable for home, travel, work, and personal activities.",372.72,https://images.unsplash.com/photo-1000000000125?auto=format&fit=crop&w=400&q=80
item_00126,electronics,fitness tracker,Orion,red,Orion Red Fitness Tracker,"Orion Red Fitness Tracker designed for electronics enthusiasts. This reliable fitness tracker features modern styling, durable materials, practical performance, and comfortable everyday use. Suitable for home, travel, work, and personal activities.",688.88,https://images.unsplash.com/photo-1000000000126?auto=format&fit=crop&w=400&q=80
item_00127,home,storage organizer,Apex,blue,Apex Blue Storage Organizer,"Apex Blue Storage Organizer designed for home enthusiasts. This reliable storage organizer features modern styling, durable materials, practical performance, and comfortable everyday use. Suitable for home, travel, work, and personal activities.",949.36,https://images.unsplash.com/photo-1000000000127?auto=format&fit=crop&w=400&q=80
item_00128,fashion,backpack,Summit,silver,Summit Silver Backpack,"Summit Silver Backpack designed for fashion enthusiasts. This reliable backpack features modern styling, durable materials, practical performance, and comfortable everyday use. Suitable for home, travel, work, and personal activities.",335.07,https://images.unsplash.com/photo-1000000000128?auto=format&fit=crop&w=400&q=80
item_00129,beauty,skin cleanser,Zenith,green,Zenith Green Skin Cleanser,"Zenith Green Skin Cleanser designed for beauty enthusiasts. This reliable skin cleanser features modern styling, durable materials, practical performance, and comfortable everyday use. Suitable for home, travel, work, and personal activities.",850.06,https://images.unsplash.com/photo-1000000000129?auto=format&fit=crop&w=400&q=80
item_00130,sports,tennis racket,Lumina,white,Lumina White Tennis Racket,"Lumina White Tennis Racket designed for sports enthusiasts. This reliable tennis racket features modern styling, durable materials, practical performance, and comfortable everyday use. Suitable for home, travel, work, and personal activities.",537.39,https://images.unsplash.com/photo-1000000000130?auto=format&fit=crop&w=400&q=80
item_00131,books,psychology book,Atlas,gray,Atlas Gray Psychology Book,"Atlas Gray Psychology Book designed for books enthusiasts. This reliable psychology book features modern styling, durable materials, practical performance, and comfortable everyday use. Suitable for home, travel, work, and personal activities.",295.26,https://images.unsplash.com/photo-1000000000131?auto=format&fit=crop&w=400&q=80
item_00132,electronics,smartphone,Atlas,black,Atlas Black Smartphone,"Atlas Black Smartphone designed for electronics enthusiasts. This reliable smartphone features modern styling, durable materials, practical performance, and comfortable everyday use. Suitable for home, travel, work, and personal activities.",697.84,https://images.unsplash.com/photo-1000000000132?auto=format&fit=crop&w=400&q=80
item_00133,home,coffee maker,Pulse,silver,Pulse Silver Coffee Maker,"Pulse Silver Coffee Maker designed for home enthusiasts. This reliable coffee maker features modern styling, durable materials, practical performance, and comfortable everyday use. Suitable for home, travel, work, and personal activities.",140.77,https://images.unsplash.com/photo-1000000000133?auto=format&fit=crop&w=400&q=80
item_00134,fashion,wrist watch,Lumina,gray,Lumina Gray Wrist Watch,"Lumina Gray Wrist Watch designed for fashion enthusiasts. This reliable wrist watch features modern styling, durable materials, practical performance, and comfortable everyday use. Suitable for home, travel, work, and personal activities.",728.45,https://images.unsplash.com/photo-1000000000134?auto=format&fit=crop&w=400&q=80
item_00135,beauty,face moisturizer,Pulse,black,Pulse Black Face Moisturizer,"Pulse Black Face Moisturizer designed for beauty enthusiasts. This reliable face moisturizer features modern styling, durable materials, practical performance, and comfortable everyday use. Suitable for home, travel, work, and personal activities.",936.57,https://images.unsplash.com/photo-1000000000135?auto=format&fit=crop&w=400&q=80
item_00136,sports,hiking backpack,Vertex,brown,Vertex Brown Hiking Backpack,"Vertex Brown Hiking Backpack designed for sports enthusiasts. This reliable hiking backpack features modern styling, durable materials, practical performance, and comfortable everyday use. Suitable for home, travel, work, and personal activities.",802.87,https://images.unsplash.com/photo-1000000000136?auto=format&fit=crop&w=400&q=80
item_00137,books,programming book,Zenith,green,Zenith Green Programming Book,"Zenith Green Programming Book designed for books enthusiasts. This reliable programming book features modern styling, durable materials, practical performance, and comfortable everyday use. Suitable for home, travel, work, and personal activities.",784.79,https://images.unsplash.com/photo-1000000000137?auto=format&fit=crop&w=400&q=80
item_00138,electronics,tablet,Atlas,brown,Atlas Brown Tablet,"Atlas Brown Tablet designed for electronics enthusiasts. This reliable tablet features modern styling, durable materials, practical performance, and comfortable everyday use. Suitable for home, travel, work, and personal activities.",260.84,https://images.unsplash.com/photo-1000000000138?auto=format&fit=crop&w=400&q=80
item_00139,home,water bottle,Atlas,green,Atlas Green Water Bottle,"Atlas Green Water Bottle designed for home enthusiasts. This reliable water bottle features modern styling, durable materials, practical performance, and comfortable everyday use. Suitable for home, travel, work, and personal activities.",104.09,https://images.unsplash.com/photo-1000000000139?auto=format&fit=crop&w=400&q=80
item_00140,fashion,winter coat,Lumina,white,Lumina White Winter Coat,"Lumina White Winter Coat designed for fashion enthusiasts. This reliable winter coat features modern styling, durable materials, practical performance, and comfortable everyday use. Suitable for home, travel, work, and personal activities.",569.29,https://images.unsplash.com/photo-1000000000140?auto=format&fit=crop&w=400&q=80
item_00141,beauty,shampoo,Nova,green,Nova Green Shampoo,"Nova Green Shampoo designed for beauty enthusiasts. This reliable shampoo features modern styling, durable materials, practical performance, and comfortable everyday use. Suitable for home, travel, work, and personal activities.",471.32,https://images.unsplash.com/photo-1000000000141?auto=format&fit=crop&w=400&q=80
item_00142,sports,hiking backpack,Pulse,gray,Pulse Gray Hiking Backpack,"Pulse Gray Hiking Backpack designed for sports enthusiasts. This reliable hiking backpack features modern styling, durable materials, practical performance, and comfortable everyday use. Suitable for home, travel, work, and personal activities.",801.24,https://images.unsplash.com/photo-1000000000142?auto=format&fit=crop&w=400&q=80
item_00143,books,psychology book,Pulse,red,Pulse Red Psychology Book,"Pulse Red Psychology Book designed for books enthusiasts. This reliable psychology book features modern styling, durable materials, practical performance, and comfortable everyday use. Suitable for home, travel, work, and personal activities.",603.59,https://images.unsplash.com/photo-1000000000143?auto=format&fit=crop&w=400&q=80
item_00144,electronics,smartphone,Summit,silver,Summit Silver Smartphone,"Summit Silver Smartphone designed for electronics enthusiasts. This reliable smartphone features modern styling, durable materials, practical performance, and comfortable everyday use. Suitable for home, travel, work, and personal activities.",125.92,https://images.unsplash.com/photo-1000000000144?auto=format&fit=crop&w=400&q=80
item_00145,home,desk lamp,Atlas,black,Atlas Black Desk Lamp,"Atlas Black Desk Lamp designed for home enthusiasts. This reliable desk lamp features modern styling, durable materials, practical performance, and comfortable everyday use. Suitable for home, travel, work, and personal activities.",661.27,https://images.unsplash.com/photo-1000000000145?auto=format&fit=crop&w=400&q=80
item_00146,fashion,backpack,Zenith,brown,Zenith Brown Backpack,"Zenith Brown Backpack designed for fashion enthusiasts. This reliable backpack features modern styling, durable materials, practical performance, and comfortable everyday use. Suitable for home, travel, work, and personal activities.",674.51,https://images.unsplash.com/photo-1000000000146?auto=format&fit=crop&w=400&q=80
item_00147,beauty,body lotion,Atlas,blue,Atlas Blue Body Lotion,"Atlas Blue Body Lotion designed for beauty enthusiasts. This reliable body lotion features modern styling, durable materials, practical performance, and comfortable everyday use. Suitable for home, travel, work, and personal activities.",899.37,https://images.unsplash.com/photo-1000000000147?auto=format&fit=crop&w=400&q=80
item_00148,sports,football,Atlas,gray,Atlas Gray Football,"Atlas Gray Football designed for sports enthusiasts. This reliable football features modern styling, durable materials, practical performance, and comfortable everyday use. Suitable for home, travel, work, and personal activities.",370.54,https://images.unsplash.com/photo-1000000000148?auto=format&fit=crop&w=400&q=80
item_00149,books,science fiction novel,Pulse,blue,Pulse Blue Science Fiction Novel,"Pulse Blue Science Fiction Novel designed for books enthusiasts. This reliable science fiction novel features modern styling, durable materials, practical performance, and comfortable everyday use. Suitable for home, travel, work, and personal activities.",166.03,https://images.unsplash.com/photo-1000000000149?auto=format&fit=crop&w=400&q=80
item_00150,electronics,tablet,Vertex,black,Vertex Black Tablet,"Vertex Black Tablet designed for electronics enthusiasts. This reliable tablet features modern styling, durable materials, practical performance, and comfortable everyday use. Suitable for home, travel, work, and personal activities.",443.51,https://images.unsplash.com/photo-1000000000150?auto=format&fit=crop&w=400&q=80
item_00151,home,water bottle,Atlas,red,Atlas Red Water Bottle,"Atlas Red Water Bottle designed for home enthusiasts. This reliable water bottle features modern styling, durable materials, practical performance, and comfortable everyday use. Suitable for home, travel, work, and personal activities.",732.38,https://images.unsplash.com/photo-1000000000151?auto=format&fit=crop&w=400&q=80
item_00152,fashion,hoodie,Pulse,brown,Pulse Brown Hoodie,"Pulse Brown Hoodie designed for fashion enthusiasts. This reliable hoodie features modern styling, durable materials, practical performance, and comfortable everyday use. Suitable for home, travel, work, and personal activities.",782.49,https://images.unsplash.com/photo-1000000000152?auto=format&fit=crop&w=400&q=80
item_00153,beauty,sunscreen,Lumina,red,Lumina Red Sunscreen,"Lumina Red Sunscreen designed for beauty enthusiasts. This reliable sunscreen features modern styling, durable materials, practical performance, and comfortable everyday use. Suitable for home, travel, work, and personal activities.",382.59,https://images.unsplash.com/photo-1000000000153?auto=format&fit=crop&w=400&q=80
item_00154,sports,hiking backpack,Summit,black,Summit Black Hiking Backpack,"Summit Black Hiking Backpack designed for sports enthusiasts. This reliable hiking backpack features modern styling, durable materials, practical performance, and comfortable everyday use. Suitable for home, travel, work, and personal activities.",951.67,https://images.unsplash.com/photo-1000000000154?auto=format&fit=crop&w=400&q=80
item_00155,books,cooking book,Zenith,black,Zenith Black Cooking Book,"Zenith Black Cooking Book designed for books enthusiasts. This reliable cooking book features modern styling, durable materials, practical performance, and comfortable everyday use. Suitable for home, travel, work, and personal activities.",852.02,https://images.unsplash.com/photo-1000000000155?auto=format&fit=crop&w=400&q=80
item_00156,electronics,tablet,Lumina,black,Lumina Black Tablet,"Lumina Black Tablet designed for electronics enthusiasts. This reliable tablet features modern styling, durable materials, practical performance, and comfortable everyday use. Suitable for home, travel, work, and personal activities.",592.37,https://images.unsplash.com/photo-1000000000156?auto=format&fit=crop&w=400&q=80
item_00157,home,desk lamp,Nova,gray,Nova Gray Desk Lamp,"Nova Gray Desk Lamp designed for home enthusiasts. This reliable desk lamp features modern styling, durable materials, practical performance, and comfortable everyday use. Suitable for home, travel, work, and personal activities.",22.17,https://images.unsplash.com/photo-1000000000157?auto=format&fit=crop&w=400&q=80
item_00158,fashion,running shoes,Zenith,gray,Zenith Gray Running Shoes,"Zenith Gray Running Shoes designed for fashion enthusiasts. This reliable running shoes features modern styling, durable materials, practical performance, and comfortable everyday use. Suitable for home, travel, work, and personal activities.",302.4,https://images.unsplash.com/photo-1000000000158?auto=format&fit=crop&w=400&q=80
item_00159,beauty,body lotion,Summit,red,Summit Red Body Lotion,"Summit Red Body Lotion designed for beauty enthusiasts. This reliable body lotion features modern styling, durable materials, practical performance, and comfortable everyday use. Suitable for home, travel, work, and personal activities.",447.88,https://images.unsplash.com/photo-1000000000159?auto=format&fit=crop&w=400&q=80
item_00160,sports,yoga mat,Orion,green,Orion Green Yoga Mat,"Orion Green Yoga Mat designed for sports enthusiasts. This reliable yoga mat features modern styling, durable materials, practical performance, and comfortable everyday use. Suitable for home, travel, work, and personal activities.",783.47,https://images.unsplash.com/photo-1000000000160?auto=format&fit=crop&w=400&q=80
item_00161,books,programming book,Pulse,black,Pulse Black Programming Book,"Pulse Black Programming Book designed for books enthusiasts. This reliable programming book features modern styling, durable materials, practical performance, and comfortable everyday use. Suitable for home, travel, work, and personal activities.",997.05,https://images.unsplash.com/photo-1000000000161?auto=format&fit=crop&w=400&q=80
item_00162,electronics,wireless headphones,Nexa,gray,Nexa Gray Wireless Headphones,"Nexa Gray Wireless Headphones designed for electronics enthusiasts. This reliable wireless headphones features modern styling, durable materials, practical performance, and comfortable everyday use. Suitable for home, travel, work, and personal activities.",838.52,https://images.unsplash.com/photo-1000000000162?auto=format&fit=crop&w=400&q=80
item_00163,home,air purifier,Nova,black,Nova Black Air Purifier,"Nova Black Air Purifier designed for home enthusiasts. This reliable air purifier features modern styling, durable materials, practical performance, and comfortable everyday use. Suitable for home, travel, work, and personal activities.",999.1,https://images.unsplash.com/photo-1000000000163?auto=format&fit=crop&w=400&q=80
item_00164,fashion,running shoes,Lumina,white,Lumina White Running Shoes,"Lumina White Running Shoes designed for fashion enthusiasts. This reliable running shoes features modern styling, durable materials, practical performance, and comfortable everyday use. Suitable for home, travel, work, and personal activities.",99.53,https://images.unsplash.com/photo-1000000000164?auto=format&fit=crop&w=400&q=80
item_00165,beauty,lip balm,Lumina,brown,Lumina Brown Lip Balm,"Lumina Brown Lip Balm designed for beauty enthusiasts. This reliable lip balm features modern styling, durable materials, practical performance, and comfortable everyday use. Suitable for home, travel, work, and personal activities.",38.7,https://images.unsplash.com/photo-1000000000165?auto=format&fit=crop&w=400&q=80
item_00166,sports,dumbbell set,Apex,red,Apex Red Dumbbell Set,"Apex Red Dumbbell Set designed for sports enthusiasts. This reliable dumbbell set features modern styling, durable materials, practical performance, and comfortable everyday use. Suitable for home, travel, work, and personal activities.",778.99,https://images.unsplash.com/photo-1000000000166?auto=format&fit=crop&w=400&q=80
item_00167,books,business strategy book,Nexa,white,Nexa White Business Strategy Book,"Nexa White Business Strategy Book designed for books enthusiasts. This reliable business strategy book features modern styling, durable materials, practical performance, and comfortable everyday use. Suitable for home, travel, work, and personal activities.",911.52,https://images.unsplash.com/photo-1000000000167?auto=format&fit=crop&w=400&q=80
item_00168,electronics,mechanical keyboard,Lumina,brown,Lumina Brown Mechanical Keyboard,"Lumina Brown Mechanical Keyboard designed for electronics enthusiasts. This reliable mechanical keyboard features modern styling, durable materials, practical performance, and comfortable everyday use. Suitable for home, travel, work, and personal activities.",15.37,https://images.unsplash.com/photo-1000000000168?auto=format&fit=crop&w=400&q=80
item_00169,home,desk lamp,Vertex,black,Vertex Black Desk Lamp,"Vertex Black Desk Lamp designed for home enthusiasts. This reliable desk lamp features modern styling, durable materials, practical performance, and comfortable everyday use. Suitable for home, travel, work, and personal activities.",609.86,https://images.unsplash.com/photo-1000000000169?auto=format&fit=crop&w=400&q=80
item_00170,fashion,wrist watch,Nexa,brown,Nexa Brown Wrist Watch,"Nexa Brown Wrist Watch designed for fashion enthusiasts. This reliable wrist watch features modern styling, durable materials, practical performance, and comfortable everyday use. Suitable for home, travel, work, and personal activities.",850.9,https://images.unsplash.com/photo-1000000000170?auto=format&fit=crop&w=400&q=80
item_00171,beauty,shampoo,Apex,black,Apex Black Shampoo,"Apex Black Shampoo designed for beauty enthusiasts. This reliable shampoo features modern styling, durable materials, practical performance, and comfortable everyday use. Suitable for home, travel, work, and personal activities.",802.94,https://images.unsplash.com/photo-1000000000171?auto=format&fit=crop&w=400&q=80
item_00172,sports,sports bottle,Summit,black,Summit Black Sports Bottle,"Summit Black Sports Bottle designed for sports enthusiasts. This reliable sports bottle features modern styling, durable materials, practical performance, and comfortable everyday use. Suitable for home, travel, work, and personal activities.",701.13,https://images.unsplash.com/photo-1000000000172?auto=format&fit=crop&w=400&q=80
item_00173,books,psychology book,Nexa,silver,Nexa Silver Psychology Book,"Nexa Silver Psychology Book designed for books enthusiasts. This reliable psychology book features modern styling, durable materials, practical performance, and comfortable everyday use. Suitable for home, travel, work, and personal activities.",49.74,https://images.unsplash.com/photo-1000000000173?auto=format&fit=crop&w=400&q=80
item_00174,electronics,computer monitor,Apex,black,Apex Black Computer Monitor,"Apex Black Computer Monitor designed for electronics enthusiasts. This reliable computer monitor features modern styling, durable materials, practical performance, and comfortable everyday use. Suitable for home, travel, work, and personal activities.",509.48,https://images.unsplash.com/photo-1000000000174?auto=format&fit=crop&w=400&q=80
item_00175,home,desk lamp,Pulse,gray,Pulse Gray Desk Lamp,"Pulse Gray Desk Lamp designed for home enthusiasts. This reliable desk lamp features modern styling, durable materials, practical performance, and comfortable everyday use. Suitable for home, travel, work, and personal activities.",633.7,https://images.unsplash.com/photo-1000000000175?auto=format&fit=crop&w=400&q=80
item_00176,fashion,running shoes,Nexa,red,Nexa Red Running Shoes,"Nexa Red Running Shoes designed for fashion enthusiasts. This reliable running shoes features modern styling, durable materials, practical performance, and comfortable everyday use. Suitable for home, travel, work, and personal activities.",737.26,https://images.unsplash.com/photo-1000000000176?auto=format&fit=crop&w=400&q=80
item_00177,beauty,shampoo,Nova,white,Nova White Shampoo,"Nova White Shampoo designed for beauty enthusiasts. This reliable shampoo features modern styling, durable materials, practical performance, and comfortable everyday use. Suitable for home, travel, work, and personal activities.",278.04,https://images.unsplash.com/photo-1000000000177?auto=format&fit=crop&w=400&q=80
item_00178,sports,yoga mat,Atlas,green,Atlas Green Yoga Mat,"Atlas Green Yoga Mat designed for sports enthusiasts. This reliable yoga mat features modern styling, durable materials, practical performance, and comfortable everyday use. Suitable for home, travel, work, and personal activities.",615.42,https://images.unsplash.com/photo-1000000000178?auto=format&fit=crop&w=400&q=80
item_00179,books,programming book,Pulse,black,Pulse Black Programming Book,"Pulse Black Programming Book designed for books enthusiasts. This reliable programming book features modern styling, durable materials, practical performance, and comfortable everyday use. Suitable for home, travel, work, and personal activities.",620.14,https://images.unsplash.com/photo-1000000000179?auto=format&fit=crop&w=400&q=80
item_00180,electronics,wireless headphones,Nova,white,Nova White Wireless Headphones,"Nova White Wireless Headphones designed for electronics enthusiasts. This reliable wireless headphones features modern styling, durable materials, practical performance, and comfortable everyday use. Suitable for home, travel, work, and personal activities.",712.47,https://images.unsplash.com/photo-1000000000180?auto=format&fit=crop&w=400&q=80
item_00181,home,water bottle,Zenith,white,Zenith White Water Bottle,"Zenith White Water Bottle designed for home enthusiasts. This reliable water bottle features modern styling, durable materials, practical performance, and comfortable everyday use. Suitable for home, travel, work, and personal activities.",100.79,https://images.unsplash.com/photo-1000000000181?auto=format&fit=crop&w=400&q=80
item_00182,fashion,sunglasses,Vertex,red,Vertex Red Sunglasses,"Vertex Red Sunglasses designed for fashion enthusiasts. This reliable sunglasses features modern styling, durable materials, practical performance, and comfortable everyday use. Suitable for home, travel, work, and personal activities.",463.97,https://images.unsplash.com/photo-1000000000182?auto=format&fit=crop&w=400&q=80
item_00183,beauty,sunscreen,Pulse,silver,Pulse Silver Sunscreen,"Pulse Silver Sunscreen designed for beauty enthusiasts. This reliable sunscreen features modern styling, durable materials, practical performance, and comfortable everyday use. Suitable for home, travel, work, and personal activities.",640.03,https://images.unsplash.com/photo-1000000000183?auto=format&fit=crop&w=400&q=80
item_00184,sports,football,Pulse,red,Pulse Red Football,"Pulse Red Football designed for sports enthusiasts. This reliable football features modern styling, durable materials, practical performance, and comfortable everyday use. Suitable for home, travel, work, and personal activities.",946.55,https://images.unsplash.com/photo-1000000000184?auto=format&fit=crop&w=400&q=80
item_00185,books,business strategy book,Pulse,blue,Pulse Blue Business Strategy Book,"Pulse Blue Business Strategy Book designed for books enthusiasts. This reliable business strategy book features modern styling, durable materials, practical performance, and comfortable everyday use. Suitable for home, travel, work, and personal activities.",582.23,https://images.unsplash.com/photo-1000000000185?auto=format&fit=crop&w=400&q=80
item_00186,electronics,portable speaker,Lumina,blue,Lumina Blue Portable Speaker,"Lumina Blue Portable Speaker designed for electronics enthusiasts. This reliable portable speaker features modern styling, durable materials, practical performance, and comfortable everyday use. Suitable for home, travel, work, and personal activities.",941.18,https://images.unsplash.com/photo-1000000000186?auto=format&fit=crop&w=400&q=80
item_00187,home,bedding set,Vertex,white,Vertex White Bedding Set,"Vertex White Bedding Set designed for home enthusiasts. This reliable bedding set features modern styling, durable materials, practical performance, and comfortable everyday use. Suitable for home, travel, work, and personal activities.",513.26,https://images.unsplash.com/photo-1000000000187?auto=format&fit=crop&w=400&q=80
item_00188,fashion,backpack,Zenith,brown,Zenith Brown Backpack,"Zenith Brown Backpack designed for fashion enthusiasts. This reliable backpack features modern styling, durable materials, practical performance, and comfortable everyday use. Suitable for home, travel, work, and personal activities.",128.02,https://images.unsplash.com/photo-1000000000188?auto=format&fit=crop&w=400&q=80
item_00189,beauty,skin cleanser,Summit,white,Summit White Skin Cleanser,"Summit White Skin Cleanser designed for beauty enthusiasts. This reliable skin cleanser features modern styling, durable materials, practical performance, and comfortable everyday use. Suitable for home, travel, work, and personal activities.",285.28,https://images.unsplash.com/photo-1000000000189?auto=format&fit=crop&w=400&q=80
item_00190,sports,yoga mat,Orion,green,Orion Green Yoga Mat,"Orion Green Yoga Mat designed for sports enthusiasts. This reliable yoga mat features modern styling, durable materials, practical performance, and comfortable everyday use. Suitable for home, travel, work, and personal activities.",614.87,https://images.unsplash.com/photo-1000000000190?auto=format&fit=crop&w=400&q=80
item_00191,books,history book,Zenith,gray,Zenith Gray History Book,"Zenith Gray History Book designed for books enthusiasts. This reliable history book features modern styling, durable materials, practical performance, and comfortable everyday use. Suitable for home, travel, work, and personal activities.",417.68,https://images.unsplash.com/photo-1000000000191?auto=format&fit=crop&w=400&q=80
item_00192,electronics,smartphone,Zenith,silver,Zenith Silver Smartphone,"Zenith Silver Smartphone designed for electronics enthusiasts. This reliable smartphone features modern styling, durable materials, practical performance, and comfortable everyday use. Suitable for home, travel, work, and personal activities.",592.41,https://images.unsplash.com/photo-1000000000192?auto=format&fit=crop&w=400&q=80
item_00193,home,coffee maker,Lumina,blue,Lumina Blue Coffee Maker,"Lumina Blue Coffee Maker designed for home enthusiasts. This reliable coffee maker features modern styling, durable materials, practical performance, and comfortable everyday use. Suitable for home, travel, work, and personal activities.",45.69,https://images.unsplash.com/photo-1000000000193?auto=format&fit=crop&w=400&q=80
item_00194,fashion,denim jacket,Zenith,red,Zenith Red Denim Jacket,"Zenith Red Denim Jacket designed for fashion enthusiasts. This reliable denim jacket features modern styling, durable materials, practical performance, and comfortable everyday use. Suitable for home, travel, work, and personal activities.",233.33,https://images.unsplash.com/photo-1000000000194?auto=format&fit=crop&w=400&q=80
item_00195,beauty,skin cleanser,Nova,green,Nova Green Skin Cleanser,"Nova Green Skin Cleanser designed for beauty enthusiasts. This reliable skin cleanser features modern styling, durable materials, practical performance, and comfortable everyday use. Suitable for home, travel, work, and personal activities.",570.1,https://images.unsplash.com/photo-1000000000195?auto=format&fit=crop&w=400&q=80
item_00196,sports,resistance bands,Atlas,green,Atlas Green Resistance Bands,"Atlas Green Resistance Bands designed for sports enthusiasts. This reliable resistance bands features modern styling, durable materials, practical performance, and comfortable everyday use. Suitable for home, travel, work, and personal activities.",655.9,https://images.unsplash.com/photo-1000000000196?auto=format&fit=crop&w=400&q=80
item_00197,books,cooking book,Lumina,blue,Lumina Blue Cooking Book,"Lumina Blue Cooking Book designed for books enthusiasts. This reliable cooking book features modern styling, durable materials, practical performance, and comfortable everyday use. Suitable for home, travel, work, and personal activities.",789.55,https://images.unsplash.com/photo-1000000000197?auto=format&fit=crop&w=400&q=80
item_00198,electronics,mechanical keyboard,Pulse,white,Pulse White Mechanical Keyboard,"Pulse White Mechanical Keyboard designed for electronics enthusiasts. This reliable mechanical keyboard features modern styling, durable materials, practical performance, and comfortable everyday use. Suitable for home, travel, work, and personal activities.",629.74,https://images.unsplash.com/photo-1000000000198?auto=format&fit=crop&w=400&q=80
item_00199,home,storage organizer,Pulse,blue,Pulse Blue Storage Organizer,"Pulse Blue Storage Organizer designed for home enthusiasts. This reliable storage organizer features modern styling, durable materials, practical performance, and comfortable everyday use. Suitable for home, travel, work, and personal activities.",517.6,https://images.unsplash.com/photo-1000000000199?auto=format&fit=crop&w=400&q=80
item_00200,fashion,sunglasses,Atlas,green,Atlas Green Sunglasses,"Atlas Green Sunglasses designed for fashion enthusiasts. This reliable sunglasses features modern styling, durable materials, practical performance, and comfortable everyday use. Suitable for home, travel, work, and personal activities.",921.84,https://images.unsplash.com/photo-1000000000200?auto=format&fit=crop&w=400&q=80
item_00201,beauty,sunscreen,Nexa,green,Nexa Green Sunscreen,"Nexa Green Sunscreen designed for beauty enthusiasts. This reliable sunscreen features modern styling, durable materials, practical performance, and comfortable everyday use. Suitable for home, travel, work, and personal activities.",525.06,https://images.unsplash.com/photo-1000000000201?auto=format&fit=crop&w=400&q=80
item_00202,sports,cycling helmet,Atlas,white,Atlas White Cycling Helmet,"Atlas White Cycling Helmet designed for sports enthusiasts. This reliable cycling helmet features modern styling, durable materials, practical performance, and comfortable everyday use. Suitable for home, travel, work, and personal activities.",839.0,https://images.unsplash.com/photo-1000000000202?auto=format&fit=crop&w=400&q=80
item_00203,books,science fiction novel,Orion,red,Orion Red Science Fiction Novel,"Orion Red Science Fiction Novel designed for books enthusiasts. This reliable science fiction novel features modern styling, durable materials, practical performance, and comfortable everyday use. Suitable for home, travel, work, and personal activities.",124.69,https://images.unsplash.com/photo-1000000000203?auto=format&fit=crop&w=400&q=80
item_00204,electronics,wireless headphones,Nova,silver,Nova Silver Wireless Headphones,"Nova Silver Wireless Headphones designed for electronics enthusiasts. This reliable wireless headphones features modern styling, durable materials, practical performance, and comfortable everyday use. Suitable for home, travel, work, and personal activities.",65.0,https://images.unsplash.com/photo-1000000000204?auto=format&fit=crop&w=400&q=80
item_00205,home,kitchen scale,Nova,blue,Nova Blue Kitchen Scale,"Nova Blue Kitchen Scale designed for home enthusiasts. This reliable kitchen scale features modern styling, durable materials, practical performance, and comfortable everyday use. Suitable for home, travel, work, and personal activities.",340.78,https://images.unsplash.com/photo-1000000000205?auto=format&fit=crop&w=400&q=80
item_00206,fashion,cotton t-shirt,Vertex,gray,Vertex Gray Cotton T-Shirt,"Vertex Gray Cotton T-Shirt designed for fashion enthusiasts. This reliable cotton t-shirt features modern styling, durable materials, practical performance, and comfortable everyday use. Suitable for home, travel, work, and personal activities.",745.26,https://images.unsplash.com/photo-1000000000206?auto=format&fit=crop&w=400&q=80
item_00207,beauty,perfume,Summit,black,Summit Black Perfume,"Summit Black Perfume designed for beauty enthusiasts. This reliable perfume features modern styling, durable materials, practical performance, and comfortable everyday use. Suitable for home, travel, work, and personal activities.",828.89,https://images.unsplash.com/photo-1000000000207?auto=format&fit=crop&w=400&q=80
item_00208,sports,hiking backpack,Nexa,red,Nexa Red Hiking Backpack,"Nexa Red Hiking Backpack designed for sports enthusiasts. This reliable hiking backpack features modern styling, durable materials, practical performance, and comfortable everyday use. Suitable for home, travel, work, and personal activities.",162.07,https://images.unsplash.com/photo-1000000000208?auto=format&fit=crop&w=400&q=80
item_00209,books,science fiction novel,Apex,green,Apex Green Science Fiction Novel,"Apex Green Science Fiction Novel designed for books enthusiasts. This reliable science fiction novel features modern styling, durable materials, practical performance, and comfortable everyday use. Suitable for home, travel, work, and personal activities.",128.47,https://images.unsplash.com/photo-1000000000209?auto=format&fit=crop&w=400&q=80
item_00210,electronics,portable speaker,Orion,green,Orion Green Portable Speaker,"Orion Green Portable Speaker designed for electronics enthusiasts. This reliable portable speaker features modern styling, durable materials, practical performance, and comfortable everyday use. Suitable for home, travel, work, and personal activities.",995.5,https://images.unsplash.com/photo-1000000000210?auto=format&fit=crop&w=400&q=80
item_00211,home,water bottle,Zenith,silver,Zenith Silver Water Bottle,"Zenith Silver Water Bottle designed for home enthusiasts. This reliable water bottle features modern styling, durable materials, practical performance, and comfortable everyday use. Suitable for home, travel, work, and personal activities.",317.84,https://images.unsplash.com/photo-1000000000211?auto=format&fit=crop&w=400&q=80
item_00212,fashion,sunglasses,Lumina,white,Lumina White Sunglasses,"Lumina White Sunglasses designed for fashion enthusiasts. This reliable sunglasses features modern styling, durable materials, practical performance, and comfortable everyday use. Suitable for home, travel, work, and personal activities.",393.95,https://images.unsplash.com/photo-1000000000212?auto=format&fit=crop&w=400&q=80
item_00213,beauty,lip balm,Summit,gray,Summit Gray Lip Balm,"Summit Gray Lip Balm designed for beauty enthusiasts. This reliable lip balm features modern styling, durable materials, practical performance, and comfortable everyday use. Suitable for home, travel, work, and personal activities.",20.61,https://images.unsplash.com/photo-1000000000213?auto=format&fit=crop&w=400&q=80
item_00214,sports,hiking backpack,Apex,silver,Apex Silver Hiking Backpack,"Apex Silver Hiking Backpack designed for sports enthusiasts. This reliable hiking backpack features modern styling, durable materials, practical performance, and comfortable everyday use. Suitable for home, travel, work, and personal activities.",172.1,https://images.unsplash.com/photo-1000000000214?auto=format&fit=crop&w=400&q=80
item_00215,books,personal finance book,Atlas,white,Atlas White Personal Finance Book,"Atlas White Personal Finance Book designed for books enthusiasts. This reliable personal finance book features modern styling, durable materials, practical performance, and comfortable everyday use. Suitable for home, travel, work, and personal activities.",837.93,https://images.unsplash.com/photo-1000000000215?auto=format&fit=crop&w=400&q=80
item_00216,electronics,tablet,Summit,brown,Summit Brown Tablet,"Summit Brown Tablet designed for electronics enthusiasts. This reliable tablet features modern styling, durable materials, practical performance, and comfortable everyday use. Suitable for home, travel, work, and personal activities.",840.67,https://images.unsplash.com/photo-1000000000216?auto=format&fit=crop&w=400&q=80
item_00217,home,vacuum cleaner,Nexa,brown,Nexa Brown Vacuum Cleaner,"Nexa Brown Vacuum Cleaner designed for home enthusiasts. This reliable vacuum cleaner features modern styling, durable materials, practical performance, and comfortable everyday use. Suitable for home, travel, work, and personal activities.",150.17,https://images.unsplash.com/photo-1000000000217?auto=format&fit=crop&w=400&q=80
item_00218,fashion,winter coat,Zenith,silver,Zenith Silver Winter Coat,"Zenith Silver Winter Coat designed for fashion enthusiasts. This reliable winter coat features modern styling, durable materials, practical performance, and comfortable everyday use. Suitable for home, travel, work, and personal activities.",89.24,https://images.unsplash.com/photo-1000000000218?auto=format&fit=crop&w=400&q=80
item_00219,beauty,skin cleanser,Nexa,silver,Nexa Silver Skin Cleanser,"Nexa Silver Skin Cleanser designed for beauty enthusiasts. This reliable skin cleanser features modern styling, durable materials, practical performance, and comfortable everyday use. Suitable for home, travel, work, and personal activities.",439.43,https://images.unsplash.com/photo-1000000000219?auto=format&fit=crop&w=400&q=80
item_00220,sports,tennis racket,Zenith,brown,Zenith Brown Tennis Racket,"Zenith Brown Tennis Racket designed for sports enthusiasts. This reliable tennis racket features modern styling, durable materials, practical performance, and comfortable everyday use. Suitable for home, travel, work, and personal activities.",189.11,https://images.unsplash.com/photo-1000000000220?auto=format&fit=crop&w=400&q=80
item_00221,books,business strategy book,Apex,brown,Apex Brown Business Strategy Book,"Apex Brown Business Strategy Book designed for books enthusiasts. This reliable business strategy book features modern styling, durable materials, practical performance, and comfortable everyday use. Suitable for home, travel, work, and personal activities.",54.19,https://images.unsplash.com/photo-1000000000221?auto=format&fit=crop&w=400&q=80
item_00222,electronics,fitness tracker,Apex,white,Apex White Fitness Tracker,"Apex White Fitness Tracker designed for electronics enthusiasts. This reliable fitness tracker features modern styling, durable materials, practical performance, and comfortable everyday use. Suitable for home, travel, work, and personal activities.",495.29,https://images.unsplash.com/photo-1000000000222?auto=format&fit=crop&w=400&q=80
item_00223,home,air purifier,Summit,green,Summit Green Air Purifier,"Summit Green Air Purifier designed for home enthusiasts. This reliable air purifier features modern styling, durable materials, practical performance, and comfortable everyday use. Suitable for home, travel, work, and personal activities.",498.35,https://images.unsplash.com/photo-1000000000223?auto=format&fit=crop&w=400&q=80
item_00224,fashion,running shoes,Nova,blue,Nova Blue Running Shoes,"Nova Blue Running Shoes designed for fashion enthusiasts. This reliable running shoes features modern styling, durable materials, practical performance, and comfortable everyday use. Suitable for home, travel, work, and personal activities.",845.14,https://images.unsplash.com/photo-1000000000224?auto=format&fit=crop&w=400&q=80
item_00225,beauty,shampoo,Nexa,gray,Nexa Gray Shampoo,"Nexa Gray Shampoo designed for beauty enthusiasts. This reliable shampoo features modern styling, durable materials, practical performance, and comfortable everyday use. Suitable for home, travel, work, and personal activities.",652.65,https://images.unsplash.com/photo-1000000000225?auto=format&fit=crop&w=400&q=80
item_00226,sports,tennis racket,Lumina,silver,Lumina Silver Tennis Racket,"Lumina Silver Tennis Racket designed for sports enthusiasts. This reliable tennis racket features modern styling, durable materials, practical performance, and comfortable everyday use. Suitable for home, travel, work, and personal activities.",67.52,https://images.unsplash.com/photo-1000000000226?auto=format&fit=crop&w=400&q=80
item_00227,books,psychology book,Atlas,blue,Atlas Blue Psychology Book,"Atlas Blue Psychology Book designed for books enthusiasts. This reliable psychology book features modern styling, durable materials, practical performance, and comfortable everyday use. Suitable for home, travel, work, and personal activities.",544.12,https://images.unsplash.com/photo-1000000000227?auto=format&fit=crop&w=400&q=80
item_00228,electronics,tablet,Orion,brown,Orion Brown Tablet,"Orion Brown Tablet designed for electronics enthusiasts. This reliable tablet features modern styling, durable materials, practical performance, and comfortable everyday use. Suitable for home, travel, work, and personal activities.",487.74,https://images.unsplash.com/photo-1000000000228?auto=format&fit=crop&w=400&q=80
item_00229,home,kitchen scale,Pulse,silver,Pulse Silver Kitchen Scale,"Pulse Silver Kitchen Scale designed for home enthusiasts. This reliable kitchen scale features modern styling, durable materials, practical performance, and comfortable everyday use. Suitable for home, travel, work, and personal activities.",853.49,https://images.unsplash.com/photo-1000000000229?auto=format&fit=crop&w=400&q=80
item_00230,fashion,denim jacket,Pulse,red,Pulse Red Denim Jacket,"Pulse Red Denim Jacket designed for fashion enthusiasts. This reliable denim jacket features modern styling, durable materials, practical performance, and comfortable everyday use. Suitable for home, travel, work, and personal activities.",591.24,https://images.unsplash.com/photo-1000000000230?auto=format&fit=crop&w=400&q=80
item_00231,beauty,sunscreen,Vertex,silver,Vertex Silver Sunscreen,"Vertex Silver Sunscreen designed for beauty enthusiasts. This reliable sunscreen features modern styling, durable materials, practical performance, and comfortable everyday use. Suitable for home, travel, work, and personal activities.",347.17,https://images.unsplash.com/photo-1000000000231?auto=format&fit=crop&w=400&q=80
item_00232,sports,resistance bands,Zenith,silver,Zenith Silver Resistance Bands,"Zenith Silver Resistance Bands designed for sports enthusiasts. This reliable resistance bands features modern styling, durable materials, practical performance, and comfortable everyday use. Suitable for home, travel, work, and personal activities.",113.92,https://images.unsplash.com/photo-1000000000232?auto=format&fit=crop&w=400&q=80
item_00233,books,personal finance book,Nova,red,Nova Red Personal Finance Book,"Nova Red Personal Finance Book designed for books enthusiasts. This reliable personal finance book features modern styling, durable materials, practical performance, and comfortable everyday use. Suitable for home, travel, work, and personal activities.",918.15,https://images.unsplash.com/photo-1000000000233?auto=format&fit=crop&w=400&q=80
item_00234,electronics,fitness tracker,Lumina,red,Lumina Red Fitness Tracker,"Lumina Red Fitness Tracker designed for electronics enthusiasts. This reliable fitness tracker features modern styling, durable materials, practical performance, and comfortable everyday use. Suitable for home, travel, work, and personal activities.",345.46,https://images.unsplash.com/photo-1000000000234?auto=format&fit=crop&w=400&q=80
item_00235,home,coffee maker,Orion,white,Orion White Coffee Maker,"Orion White Coffee Maker designed for home enthusiasts. This reliable coffee maker features modern styling, durable materials, practical performance, and comfortable everyday use. Suitable for home, travel, work, and personal activities.",34.56,https://images.unsplash.com/photo-1000000000235?auto=format&fit=crop&w=400&q=80
item_00236,fashion,winter coat,Summit,gray,Summit Gray Winter Coat,"Summit Gray Winter Coat designed for fashion enthusiasts. This reliable winter coat features modern styling, durable materials, practical performance, and comfortable everyday use. Suitable for home, travel, work, and personal activities.",314.45,https://images.unsplash.com/photo-1000000000236?auto=format&fit=crop&w=400&q=80
item_00237,beauty,skin cleanser,Vertex,green,Vertex Green Skin Cleanser,"Vertex Green Skin Cleanser designed for beauty enthusiasts. This reliable skin cleanser features modern styling, durable materials, practical performance, and comfortable everyday use. Suitable for home, travel, work, and personal activities.",17.23,https://images.unsplash.com/photo-1000000000237?auto=format&fit=crop&w=400&q=80
item_00238,sports,tennis racket,Apex,white,Apex White Tennis Racket,"Apex White Tennis Racket designed for sports enthusiasts. This reliable tennis racket features modern styling, durable materials, practical performance, and comfortable everyday use. Suitable for home, travel, work, and personal activities.",637.42,https://images.unsplash.com/photo-1000000000238?auto=format&fit=crop&w=400&q=80
item_00239,books,cooking book,Atlas,brown,Atlas Brown Cooking Book,"Atlas Brown Cooking Book designed for books enthusiasts. This reliable cooking book features modern styling, durable materials, practical performance, and comfortable everyday use. Suitable for home, travel, work, and personal activities.",624.14,https://images.unsplash.com/photo-1000000000239?auto=format&fit=crop&w=400&q=80
item_00240,electronics,tablet,Zenith,brown,Zenith Brown Tablet,"Zenith Brown Tablet designed for electronics enthusiasts. This reliable tablet features modern styling, durable materials, practical performance, and comfortable everyday use. Suitable for home, travel, work, and personal activities.",904.28,https://images.unsplash.com/photo-1000000000240?auto=format&fit=crop&w=400&q=80
item_00241,home,kitchen scale,Pulse,gray,Pulse Gray Kitchen Scale,"Pulse Gray Kitchen Scale designed for home enthusiasts. This reliable kitchen scale features modern styling, durable materials, practical performance, and comfortable everyday use. Suitable for home, travel, work, and personal activities.",963.57,https://images.unsplash.com/photo-1000000000241?auto=format&fit=crop&w=400&q=80
item_00242,fashion,winter coat,Atlas,red,Atlas Red Winter Coat,"Atlas Red Winter Coat designed for fashion enthusiasts. This reliable winter coat features modern styling, durable materials, practical performance, and comfortable everyday use. Suitable for home, travel, work, and personal activities.",122.95,https://images.unsplash.com/photo-1000000000242?auto=format&fit=crop&w=400&q=80
item_00243,beauty,body lotion,Pulse,gray,Pulse Gray Body Lotion,"Pulse Gray Body Lotion designed for beauty enthusiasts. This reliable body lotion features modern styling, durable materials, practical performance, and comfortable everyday use. Suitable for home, travel, work, and personal activities.",445.68,https://images.unsplash.com/photo-1000000000243?auto=format&fit=crop&w=400&q=80
item_00244,sports,hiking backpack,Pulse,brown,Pulse Brown Hiking Backpack,"Pulse Brown Hiking Backpack designed for sports enthusiasts. This reliable hiking backpack features modern styling, durable materials, practical performance, and comfortable everyday use. Suitable for home, travel, work, and personal activities.",970.11,https://images.unsplash.com/photo-1000000000244?auto=format&fit=crop&w=400&q=80
item_00245,books,cooking book,Vertex,brown,Vertex Brown Cooking Book,"Vertex Brown Cooking Book designed for books enthusiasts. This reliable cooking book features modern styling, durable materials, practical performance, and comfortable everyday use. Suitable for home, travel, work, and personal activities.",295.34,https://images.unsplash.com/photo-1000000000245?auto=format&fit=crop&w=400&q=80
item_00246,electronics,webcam,Atlas,brown,Atlas Brown Webcam,"Atlas Brown Webcam designed for electronics enthusiasts. This reliable webcam features modern styling, durable materials, practical performance, and comfortable everyday use. Suitable for home, travel, work, and personal activities.",353.02,https://images.unsplash.com/photo-1000000000246?auto=format&fit=crop&w=400&q=80
item_00247,home,bedding set,Nova,black,Nova Black Bedding Set,"Nova Black Bedding Set designed for home enthusiasts. This reliable bedding set features modern styling, durable materials, practical performance, and comfortable everyday use. Suitable for home, travel, work, and personal activities.",50.53,https://images.unsplash.com/photo-1000000000247?auto=format&fit=crop&w=400&q=80
item_00248,fashion,winter coat,Atlas,brown,Atlas Brown Winter Coat,"Atlas Brown Winter Coat designed for fashion enthusiasts. This reliable winter coat features modern styling, durable materials, practical performance, and comfortable everyday use. Suitable for home, travel, work, and personal activities.",985.67,https://images.unsplash.com/photo-1000000000248?auto=format&fit=crop&w=400&q=80
item_00249,beauty,skin cleanser,Nexa,red,Nexa Red Skin Cleanser,"Nexa Red Skin Cleanser designed for beauty enthusiasts. This reliable skin cleanser features modern styling, durable materials, practical performance, and comfortable everyday use. Suitable for home, travel, work, and personal activities.",978.13,https://images.unsplash.com/photo-1000000000249?auto=format&fit=crop&w=400&q=80
item_00250,sports,dumbbell set,Zenith,black,Zenith Black Dumbbell Set,"Zenith Black Dumbbell Set designed for sports enthusiasts. This reliable dumbbell set features modern styling, durable materials, practical performance, and comfortable everyday use. Suitable for home, travel, work, and personal activities.",93.96,https://images.unsplash.com/photo-1000000000250?auto=format&fit=crop&w=400&q=80
item_00251,books,psychology book,Apex,green,Apex Green Psychology Book,"Apex Green Psychology Book designed for books enthusiasts. This reliable psychology book features modern styling, durable materials, practical performance, and comfortable everyday use. Suitable for home, travel, work, and personal activities.",804.03,https://images.unsplash.com/photo-1000000000251?auto=format&fit=crop&w=400&q=80
item_00252,electronics,mechanical keyboard,Summit,red,Summit Red Mechanical Keyboard,"Summit Red Mechanical Keyboard designed for electronics enthusiasts. This reliable mechanical keyboard features modern styling, durable materials, practical performance, and comfortable everyday use. Suitable for home, travel, work, and personal activities.",46.59,https://images.unsplash.com/photo-1000000000252?auto=format&fit=crop&w=400&q=80
item_00253,home,kitchen scale,Nova,blue,Nova Blue Kitchen Scale,"Nova Blue Kitchen Scale designed for home enthusiasts. This reliable kitchen scale features modern styling, durable materials, practical performance, and comfortable everyday use. Suitable for home, travel, work, and personal activities.",58.2,https://images.unsplash.com/photo-1000000000253?auto=format&fit=crop&w=400&q=80
item_00254,fashion,denim jacket,Vertex,brown,Vertex Brown Denim Jacket,"Vertex Brown Denim Jacket designed for fashion enthusiasts. This reliable denim jacket features modern styling, durable materials, practical performance, and comfortable everyday use. Suitable for home, travel, work, and personal activities.",716.12,https://images.unsplash.com/photo-1000000000254?auto=format&fit=crop&w=400&q=80
item_00255,beauty,lip balm,Lumina,silver,Lumina Silver Lip Balm,"Lumina Silver Lip Balm designed for beauty enthusiasts. This reliable lip balm features modern styling, durable materials, practical performance, and comfortable everyday use. Suitable for home, travel, work, and personal activities.",866.79,https://images.unsplash.com/photo-1000000000255?auto=format&fit=crop&w=400&q=80
item_00256,sports,hiking backpack,Atlas,red,Atlas Red Hiking Backpack,"Atlas Red Hiking Backpack designed for sports enthusiasts. This reliable hiking backpack features modern styling, durable materials, practical performance, and comfortable everyday use. Suitable for home, travel, work, and personal activities.",58.46,https://images.unsplash.com/photo-1000000000256?auto=format&fit=crop&w=400&q=80
item_00257,books,psychology book,Summit,white,Summit White Psychology Book,"Summit White Psychology Book designed for books enthusiasts. This reliable psychology book features modern styling, durable materials, practical performance, and comfortable everyday use. Suitable for home, travel, work, and personal activities.",625.67,https://images.unsplash.com/photo-1000000000257?auto=format&fit=crop&w=400&q=80
item_00258,electronics,smartphone,Nexa,red,Nexa Red Smartphone,"Nexa Red Smartphone designed for electronics enthusiasts. This reliable smartphone features modern styling, durable materials, practical performance, and comfortable everyday use. Suitable for home, travel, work, and personal activities.",519.47,https://images.unsplash.com/photo-1000000000258?auto=format&fit=crop&w=400&q=80
item_00259,home,desk lamp,Apex,gray,Apex Gray Desk Lamp,"Apex Gray Desk Lamp designed for home enthusiasts. This reliable desk lamp features modern styling, durable materials, practical performance, and comfortable everyday use. Suitable for home, travel, work, and personal activities.",39.3,https://images.unsplash.com/photo-1000000000259?auto=format&fit=crop&w=400&q=80
item_00260,fashion,sunglasses,Zenith,gray,Zenith Gray Sunglasses,"Zenith Gray Sunglasses designed for fashion enthusiasts. This reliable sunglasses features modern styling, durable materials, practical performance, and comfortable everyday use. Suitable for home, travel, work, and personal activities.",674.89,https://images.unsplash.com/photo-1000000000260?auto=format&fit=crop&w=400&q=80
item_00261,beauty,sunscreen,Apex,white,Apex White Sunscreen,"Apex White Sunscreen designed for beauty enthusiasts. This reliable sunscreen features modern styling, durable materials, practical performance, and comfortable everyday use. Suitable for home, travel, work, and personal activities.",854.24,https://images.unsplash.com/photo-1000000000261?auto=format&fit=crop&w=400&q=80
item_00262,sports,resistance bands,Orion,silver,Orion Silver Resistance Bands,"Orion Silver Resistance Bands designed for sports enthusiasts. This reliable resistance bands features modern styling, durable materials, practical performance, and comfortable everyday use. Suitable for home, travel, work, and personal activities.",305.94,https://images.unsplash.com/photo-1000000000262?auto=format&fit=crop&w=400&q=80
item_00263,books,psychology book,Atlas,green,Atlas Green Psychology Book,"Atlas Green Psychology Book designed for books enthusiasts. This reliable psychology book features modern styling, durable materials, practical performance, and comfortable everyday use. Suitable for home, travel, work, and personal activities.",402.96,https://images.unsplash.com/photo-1000000000263?auto=format&fit=crop&w=400&q=80
item_00264,electronics,wireless headphones,Apex,green,Apex Green Wireless Headphones,"Apex Green Wireless Headphones designed for electronics enthusiasts. This reliable wireless headphones features modern styling, durable materials, practical performance, and comfortable everyday use. Suitable for home, travel, work, and personal activities.",195.71,https://images.unsplash.com/photo-1000000000264?auto=format&fit=crop&w=400&q=80
item_00265,home,water bottle,Lumina,black,Lumina Black Water Bottle,"Lumina Black Water Bottle designed for home enthusiasts. This reliable water bottle features modern styling, durable materials, practical performance, and comfortable everyday use. Suitable for home, travel, work, and personal activities.",348.5,https://images.unsplash.com/photo-1000000000265?auto=format&fit=crop&w=400&q=80
item_00266,fashion,cotton t-shirt,Atlas,red,Atlas Red Cotton T-Shirt,"Atlas Red Cotton T-Shirt designed for fashion enthusiasts. This reliable cotton t-shirt features modern styling, durable materials, practical performance, and comfortable everyday use. Suitable for home, travel, work, and personal activities.",998.75,https://images.unsplash.com/photo-1000000000266?auto=format&fit=crop&w=400&q=80
item_00267,beauty,body lotion,Lumina,blue,Lumina Blue Body Lotion,"Lumina Blue Body Lotion designed for beauty enthusiasts. This reliable body lotion features modern styling, durable materials, practical performance, and comfortable everyday use. Suitable for home, travel, work, and personal activities.",413.85,https://images.unsplash.com/photo-1000000000267?auto=format&fit=crop&w=400&q=80
item_00268,sports,resistance bands,Vertex,black,Vertex Black Resistance Bands,"Vertex Black Resistance Bands designed for sports enthusiasts. This reliable resistance bands features modern styling, durable materials, practical performance, and comfortable everyday use. Suitable for home, travel, work, and personal activities.",997.59,https://images.unsplash.com/photo-1000000000268?auto=format&fit=crop&w=400&q=80
item_00269,books,personal finance book,Nexa,gray,Nexa Gray Personal Finance Book,"Nexa Gray Personal Finance Book designed for books enthusiasts. This reliable personal finance book features modern styling, durable materials, practical performance, and comfortable everyday use. Suitable for home, travel, work, and personal activities.",599.25,https://images.unsplash.com/photo-1000000000269?auto=format&fit=crop&w=400&q=80
item_00270,electronics,wireless headphones,Orion,red,Orion Red Wireless Headphones,"Orion Red Wireless Headphones designed for electronics enthusiasts. This reliable wireless headphones features modern styling, durable materials, practical performance, and comfortable everyday use. Suitable for home, travel, work, and personal activities.",501.94,https://images.unsplash.com/photo-1000000000270?auto=format&fit=crop&w=400&q=80
item_00271,home,water bottle,Orion,white,Orion White Water Bottle,"Orion White Water Bottle designed for home enthusiasts. This reliable water bottle features modern styling, durable materials, practical performance, and comfortable everyday use. Suitable for home, travel, work, and personal activities.",371.71,https://images.unsplash.com/photo-1000000000271?auto=format&fit=crop&w=400&q=80
item_00272,fashion,running shoes,Nova,blue,Nova Blue Running Shoes,"Nova Blue Running Shoes designed for fashion enthusiasts. This reliable running shoes features modern styling, durable materials, practical performance, and comfortable everyday use. Suitable for home, travel, work, and personal activities.",27.48,https://images.unsplash.com/photo-1000000000272?auto=format&fit=crop&w=400&q=80
item_00273,beauty,shampoo,Orion,red,Orion Red Shampoo,"Orion Red Shampoo designed for beauty enthusiasts. This reliable shampoo features modern styling, durable materials, practical performance, and comfortable everyday use. Suitable for home, travel, work, and personal activities.",638.18,https://images.unsplash.com/photo-1000000000273?auto=format&fit=crop&w=400&q=80
item_00274,sports,sports bottle,Orion,red,Orion Red Sports Bottle,"Orion Red Sports Bottle designed for sports enthusiasts. This reliable sports bottle features modern styling, durable materials, practical performance, and comfortable everyday use. Suitable for home, travel, work, and personal activities.",959.61,https://images.unsplash.com/photo-1000000000274?auto=format&fit=crop&w=400&q=80
item_00275,books,history book,Summit,silver,Summit Silver History Book,"Summit Silver History Book designed for books enthusiasts. This reliable history book features modern styling, durable materials, practical performance, and comfortable everyday use. Suitable for home, travel, work, and personal activities.",545.44,https://images.unsplash.com/photo-1000000000275?auto=format&fit=crop&w=400&q=80
item_00276,electronics,tablet,Apex,blue,Apex Blue Tablet,"Apex Blue Tablet designed for electronics enthusiasts. This reliable tablet features modern styling, durable materials, practical performance, and comfortable everyday use. Suitable for home, travel, work, and personal activities.",242.74,https://images.unsplash.com/photo-1000000000276?auto=format&fit=crop&w=400&q=80
item_00277,home,water bottle,Pulse,blue,Pulse Blue Water Bottle,"Pulse Blue Water Bottle designed for home enthusiasts. This reliable water bottle features modern styling, durable materials, practical performance, and comfortable everyday use. Suitable for home, travel, work, and personal activities.",909.96,https://images.unsplash.com/photo-1000000000277?auto=format&fit=crop&w=400&q=80
item_00278,fashion,denim jacket,Pulse,brown,Pulse Brown Denim Jacket,"Pulse Brown Denim Jacket designed for fashion enthusiasts. This reliable denim jacket features modern styling, durable materials, practical performance, and comfortable everyday use. Suitable for home, travel, work, and personal activities.",594.83,https://images.unsplash.com/photo-1000000000278?auto=format&fit=crop&w=400&q=80
item_00279,beauty,lip balm,Lumina,gray,Lumina Gray Lip Balm,"Lumina Gray Lip Balm designed for beauty enthusiasts. This reliable lip balm features modern styling, durable materials, practical performance, and comfortable everyday use. Suitable for home, travel, work, and personal activities.",306.38,https://images.unsplash.com/photo-1000000000279?auto=format&fit=crop&w=400&q=80
item_00280,sports,football,Apex,blue,Apex Blue Football,"Apex Blue Football designed for sports enthusiasts. This reliable football features modern styling, durable materials, practical performance, and comfortable everyday use. Suitable for home, travel, work, and personal activities.",163.88,https://images.unsplash.com/photo-1000000000280?auto=format&fit=crop&w=400&q=80
item_00281,books,science fiction novel,Orion,silver,Orion Silver Science Fiction Novel,"Orion Silver Science Fiction Novel designed for books enthusiasts. This reliable science fiction novel features modern styling, durable materials, practical performance, and comfortable everyday use. Suitable for home, travel, work, and personal activities.",290.4,https://images.unsplash.com/photo-1000000000281?auto=format&fit=crop&w=400&q=80
item_00282,electronics,wireless headphones,Pulse,blue,Pulse Blue Wireless Headphones,"Pulse Blue Wireless Headphones designed for electronics enthusiasts. This reliable wireless headphones features modern styling, durable materials, practical performance, and comfortable everyday use. Suitable for home, travel, work, and personal activities.",785.98,https://images.unsplash.com/photo-1000000000282?auto=format&fit=crop&w=400&q=80
item_00283,home,kitchen scale,Lumina,red,Lumina Red Kitchen Scale,"Lumina Red Kitchen Scale designed for home enthusiasts. This reliable kitchen scale features modern styling, durable materials, practical performance, and comfortable everyday use. Suitable for home, travel, work, and personal activities.",481.48,https://images.unsplash.com/photo-1000000000283?auto=format&fit=crop&w=400&q=80
item_00284,fashion,wrist watch,Summit,green,Summit Green Wrist Watch,"Summit Green Wrist Watch designed for fashion enthusiasts. This reliable wrist watch features modern styling, durable materials, practical performance, and comfortable everyday use. Suitable for home, travel, work, and personal activities.",816.48,https://images.unsplash.com/photo-1000000000284?auto=format&fit=crop&w=400&q=80
item_00285,beauty,lip balm,Lumina,brown,Lumina Brown Lip Balm,"Lumina Brown Lip Balm designed for beauty enthusiasts. This reliable lip balm features modern styling, durable materials, practical performance, and comfortable everyday use. Suitable for home, travel, work, and personal activities.",789.7,https://images.unsplash.com/photo-1000000000285?auto=format&fit=crop&w=400&q=80
item_00286,sports,tennis racket,Vertex,white,Vertex White Tennis Racket,"Vertex White Tennis Racket designed for sports enthusiasts. This reliable tennis racket features modern styling, durable materials, practical performance, and comfortable everyday use. Suitable for home, travel, work, and personal activities.",110.87,https://images.unsplash.com/photo-1000000000286?auto=format&fit=crop&w=400&q=80
item_00287,books,personal finance book,Zenith,gray,Zenith Gray Personal Finance Book,"Zenith Gray Personal Finance Book designed for books enthusiasts. This reliable personal finance book features modern styling, durable materials, practical performance, and comfortable everyday use. Suitable for home, travel, work, and personal activities.",955.79,https://images.unsplash.com/photo-1000000000287?auto=format&fit=crop&w=400&q=80
item_00288,electronics,webcam,Pulse,brown,Pulse Brown Webcam,"Pulse Brown Webcam designed for electronics enthusiasts. This reliable webcam features modern styling, durable materials, practical performance, and comfortable everyday use. Suitable for home, travel, work, and personal activities.",45.47,https://images.unsplash.com/photo-1000000000288?auto=format&fit=crop&w=400&q=80
item_00289,home,storage organizer,Summit,brown,Summit Brown Storage Organizer,"Summit Brown Storage Organizer designed for home enthusiasts. This reliable storage organizer features modern styling, durable materials, practical performance, and comfortable everyday use. Suitable for home, travel, work, and personal activities.",111.96,https://images.unsplash.com/photo-1000000000289?auto=format&fit=crop&w=400&q=80
item_00290,fashion,denim jacket,Nova,black,Nova Black Denim Jacket,"Nova Black Denim Jacket designed for fashion enthusiasts. This reliable denim jacket features modern styling, durable materials, practical performance, and comfortable everyday use. Suitable for home, travel, work, and personal activities.",74.87,https://images.unsplash.com/photo-1000000000290?auto=format&fit=crop&w=400&q=80
item_00291,beauty,shampoo,Summit,red,Summit Red Shampoo,"Summit Red Shampoo designed for beauty enthusiasts. This reliable shampoo features modern styling, durable materials, practical performance, and comfortable everyday use. Suitable for home, travel, work, and personal activities.",520.92,https://images.unsplash.com/photo-1000000000291?auto=format&fit=crop&w=400&q=80
item_00292,sports,football,Orion,black,Orion Black Football,"Orion Black Football designed for sports enthusiasts. This reliable football features modern styling, durable materials, practical performance, and comfortable everyday use. Suitable for home, travel, work, and personal activities.",120.47,https://images.unsplash.com/photo-1000000000292?auto=format&fit=crop&w=400&q=80
item_00293,books,data science book,Lumina,red,Lumina Red Data Science Book,"Lumina Red Data Science Book designed for books enthusiasts. This reliable data science book features modern styling, durable materials, practical performance, and comfortable everyday use. Suitable for home, travel, work, and personal activities.",69.91,https://images.unsplash.com/photo-1000000000293?auto=format&fit=crop&w=400&q=80
item_00294,electronics,tablet,Lumina,red,Lumina Red Tablet,"Lumina Red Tablet designed for electronics enthusiasts. This reliable tablet features modern styling, durable materials, practical performance, and comfortable everyday use. Suitable for home, travel, work, and personal activities.",309.04,https://images.unsplash.com/photo-1000000000294?auto=format&fit=crop&w=400&q=80
item_00295,home,coffee maker,Zenith,red,Zenith Red Coffee Maker,"Zenith Red Coffee Maker designed for home enthusiasts. This reliable coffee maker features modern styling, durable materials, practical performance, and comfortable everyday use. Suitable for home, travel, work, and personal activities.",422.43,https://images.unsplash.com/photo-1000000000295?auto=format&fit=crop&w=400&q=80
item_00296,fashion,hoodie,Nova,blue,Nova Blue Hoodie,"Nova Blue Hoodie designed for fashion enthusiasts. This reliable hoodie features modern styling, durable materials, practical performance, and comfortable everyday use. Suitable for home, travel, work, and personal activities.",864.13,https://images.unsplash.com/photo-1000000000296?auto=format&fit=crop&w=400&q=80
item_00297,beauty,face moisturizer,Vertex,black,Vertex Black Face Moisturizer,"Vertex Black Face Moisturizer designed for beauty enthusiasts. This reliable face moisturizer features modern styling, durable materials, practical performance, and comfortable everyday use. Suitable for home, travel, work, and personal activities.",513.08,https://images.unsplash.com/photo-1000000000297?auto=format&fit=crop&w=400&q=80
item_00298,sports,cycling helmet,Zenith,black,Zenith Black Cycling Helmet,"Zenith Black Cycling Helmet designed for sports enthusiasts. This reliable cycling helmet features modern styling, durable materials, practical performance, and comfortable everyday use. Suitable for home, travel, work, and personal activities.",437.0,https://images.unsplash.com/photo-1000000000298?auto=format&fit=crop&w=400&q=80
item_00299,books,science fiction novel,Pulse,silver,Pulse Silver Science Fiction Novel,"Pulse Silver Science Fiction Novel designed for books enthusiasts. This reliable science fiction novel features modern styling, durable materials, practical performance, and comfortable everyday use. Suitable for home, travel, work, and personal activities.",842.78,https://images.unsplash.com/photo-1000000000299?auto=format&fit=crop&w=400&q=80
item_00300,electronics,portable speaker,Apex,white,Apex White Portable Speaker,"Apex White Portable Speaker designed for electronics enthusiasts. This reliable portable speaker features modern styling, durable materials, practical performance, and comfortable everyday use. Suitable for home, travel, work, and personal activities.",250.05,https://images.unsplash.com/photo-1000000000300?auto=format&fit=crop&w=400&q=80
item_00301,home,air purifier,Summit,red,Summit Red Air Purifier,"Summit Red Air Purifier designed for home enthusiasts. This reliable air purifier features modern styling, durable materials, practical performance, and comfortable everyday use. Suitable for home, travel, work, and personal activities.",686.42,https://images.unsplash.com/photo-1000000000301?auto=format&fit=crop&w=400&q=80
item_00302,fashion,denim jacket,Apex,gray,Apex Gray Denim Jacket,"Apex Gray Denim Jacket designed for fashion enthusiasts. This reliable denim jacket features modern styling, durable materials, practical performance, and comfortable everyday use. Suitable for home, travel, work, and personal activities.",931.07,https://images.unsplash.com/photo-1000000000302?auto=format&fit=crop&w=400&q=80
item_00303,beauty,perfume,Zenith,black,Zenith Black Perfume,"Zenith Black Perfume designed for beauty enthusiasts. This reliable perfume features modern styling, durable materials, practical performance, and comfortable everyday use. Suitable for home, travel, work, and personal activities.",466.15,https://images.unsplash.com/photo-1000000000303?auto=format&fit=crop&w=400&q=80
item_00304,sports,football,Atlas,white,Atlas White Football,"Atlas White Football designed for sports enthusiasts. This reliable football features modern styling, durable materials, practical performance, and comfortable everyday use. Suitable for home, travel, work, and personal activities.",56.89,https://images.unsplash.com/photo-1000000000304?auto=format&fit=crop&w=400&q=80
item_00305,books,business strategy book,Orion,white,Orion White Business Strategy Book,"Orion White Business Strategy Book designed for books enthusiasts. This reliable business strategy book features modern styling, durable materials, practical performance, and comfortable everyday use. Suitable for home, travel, work, and personal activities.",919.62,https://images.unsplash.com/photo-1000000000305?auto=format&fit=crop&w=400&q=80
item_00306,electronics,wireless headphones,Nova,brown,Nova Brown Wireless Headphones,"Nova Brown Wireless Headphones designed for electronics enthusiasts. This reliable wireless headphones features modern styling, durable materials, practical performance, and comfortable everyday use. Suitable for home, travel, work, and personal activities.",40.96,https://images.unsplash.com/photo-1000000000306?auto=format&fit=crop&w=400&q=80
item_00307,home,coffee maker,Vertex,black,Vertex Black Coffee Maker,"Vertex Black Coffee Maker designed for home enthusiasts. This reliable coffee maker features modern styling, durable materials, practical performance, and comfortable everyday use. Suitable for home, travel, work, and personal activities.",623.94,https://images.unsplash.com/photo-1000000000307?auto=format&fit=crop&w=400&q=80
item_00308,fashion,cotton t-shirt,Apex,black,Apex Black Cotton T-Shirt,"Apex Black Cotton T-Shirt designed for fashion enthusiasts. This reliable cotton t-shirt features modern styling, durable materials, practical performance, and comfortable everyday use. Suitable for home, travel, work, and personal activities.",594.28,https://images.unsplash.com/photo-1000000000308?auto=format&fit=crop&w=400&q=80
item_00309,beauty,hair dryer,Lumina,silver,Lumina Silver Hair Dryer,"Lumina Silver Hair Dryer designed for beauty enthusiasts. This reliable hair dryer features modern styling, durable materials, practical performance, and comfortable everyday use. Suitable for home, travel, work, and personal activities.",14.68,https://images.unsplash.com/photo-1000000000309?auto=format&fit=crop&w=400&q=80
item_00310,sports,cycling helmet,Nexa,green,Nexa Green Cycling Helmet,"Nexa Green Cycling Helmet designed for sports enthusiasts. This reliable cycling helmet features modern styling, durable materials, practical performance, and comfortable everyday use. Suitable for home, travel, work, and personal activities.",171.11,https://images.unsplash.com/photo-1000000000310?auto=format&fit=crop&w=400&q=80
item_00311,books,personal finance book,Nexa,silver,Nexa Silver Personal Finance Book,"Nexa Silver Personal Finance Book designed for books enthusiasts. This reliable personal finance book features modern styling, durable materials, practical performance, and comfortable everyday use. Suitable for home, travel, work, and personal activities.",856.93,https://images.unsplash.com/photo-1000000000311?auto=format&fit=crop&w=400&q=80
item_00312,electronics,mechanical keyboard,Apex,white,Apex White Mechanical Keyboard,"Apex White Mechanical Keyboard designed for electronics enthusiasts. This reliable mechanical keyboard features modern styling, durable materials, practical performance, and comfortable everyday use. Suitable for home, travel, work, and personal activities.",459.9,https://images.unsplash.com/photo-1000000000312?auto=format&fit=crop&w=400&q=80
item_00313,home,water bottle,Summit,green,Summit Green Water Bottle,"Summit Green Water Bottle designed for home enthusiasts. This reliable water bottle features modern styling, durable materials, practical performance, and comfortable everyday use. Suitable for home, travel, work, and personal activities.",984.79,https://images.unsplash.com/photo-1000000000313?auto=format&fit=crop&w=400&q=80
item_00314,fashion,running shoes,Orion,gray,Orion Gray Running Shoes,"Orion Gray Running Shoes designed for fashion enthusiasts. This reliable running shoes features modern styling, durable materials, practical performance, and comfortable everyday use. Suitable for home, travel, work, and personal activities.",325.21,https://images.unsplash.com/photo-1000000000314?auto=format&fit=crop&w=400&q=80
item_00315,beauty,body lotion,Pulse,silver,Pulse Silver Body Lotion,"Pulse Silver Body Lotion designed for beauty enthusiasts. This reliable body lotion features modern styling, durable materials, practical performance, and comfortable everyday use. Suitable for home, travel, work, and personal activities.",604.72,https://images.unsplash.com/photo-1000000000315?auto=format&fit=crop&w=400&q=80
item_00316,sports,cycling helmet,Apex,green,Apex Green Cycling Helmet,"Apex Green Cycling Helmet designed for sports enthusiasts. This reliable cycling helmet features modern styling, durable materials, practical performance, and comfortable everyday use. Suitable for home, travel, work, and personal activities.",324.45,https://images.unsplash.com/photo-1000000000316?auto=format&fit=crop&w=400&q=80
item_00317,books,history book,Nexa,black,Nexa Black History Book,"Nexa Black History Book designed for books enthusiasts. This reliable history book features modern styling, durable materials, practical performance, and comfortable everyday use. Suitable for home, travel, work, and personal activities.",39.53,https://images.unsplash.com/photo-1000000000317?auto=format&fit=crop&w=400&q=80
item_00318,electronics,fitness tracker,Orion,red,Orion Red Fitness Tracker,"Orion Red Fitness Tracker designed for electronics enthusiasts. This reliable fitness tracker features modern styling, durable materials, practical performance, and comfortable everyday use. Suitable for home, travel, work, and personal activities.",173.82,https://images.unsplash.com/photo-1000000000318?auto=format&fit=crop&w=400&q=80
item_00319,home,desk lamp,Lumina,gray,Lumina Gray Desk Lamp,"Lumina Gray Desk Lamp designed for home enthusiasts. This reliable desk lamp features modern styling, durable materials, practical performance, and comfortable everyday use. Suitable for home, travel, work, and personal activities.",711.0,https://images.unsplash.com/photo-1000000000319?auto=format&fit=crop&w=400&q=80
item_00320,fashion,denim jacket,Atlas,silver,Atlas Silver Denim Jacket,"Atlas Silver Denim Jacket designed for fashion enthusiasts. This reliable denim jacket features modern styling, durable materials, practical performance, and comfortable everyday use. Suitable for home, travel, work, and personal activities.",891.11,https://images.unsplash.com/photo-1000000000320?auto=format&fit=crop&w=400&q=80
item_00321,beauty,perfume,Vertex,green,Vertex Green Perfume,"Vertex Green Perfume designed for beauty enthusiasts. This reliable perfume features modern styling, durable materials, practical performance, and comfortable everyday use. Suitable for home, travel, work, and personal activities.",134.76,https://images.unsplash.com/photo-1000000000321?auto=format&fit=crop&w=400&q=80
item_00322,sports,football,Vertex,gray,Vertex Gray Football,"Vertex Gray Football designed for sports enthusiasts. This reliable football features modern styling, durable materials, practical performance, and comfortable everyday use. Suitable for home, travel, work, and personal activities.",181.2,https://images.unsplash.com/photo-1000000000322?auto=format&fit=crop&w=400&q=80
item_00323,books,cooking book,Atlas,green,Atlas Green Cooking Book,"Atlas Green Cooking Book designed for books enthusiasts. This reliable cooking book features modern styling, durable materials, practical performance, and comfortable everyday use. Suitable for home, travel, work, and personal activities.",991.85,https://images.unsplash.com/photo-1000000000323?auto=format&fit=crop&w=400&q=80
item_00324,electronics,mechanical keyboard,Nova,brown,Nova Brown Mechanical Keyboard,"Nova Brown Mechanical Keyboard designed for electronics enthusiasts. This reliable mechanical keyboard features modern styling, durable materials, practical performance, and comfortable everyday use. Suitable for home, travel, work, and personal activities.",993.14,https://images.unsplash.com/photo-1000000000324?auto=format&fit=crop&w=400&q=80
item_00325,home,desk lamp,Pulse,green,Pulse Green Desk Lamp,"Pulse Green Desk Lamp designed for home enthusiasts. This reliable desk lamp features modern styling, durable materials, practical performance, and comfortable everyday use. Suitable for home, travel, work, and personal activities.",135.63,https://images.unsplash.com/photo-1000000000325?auto=format&fit=crop&w=400&q=80
item_00326,fashion,winter coat,Nexa,black,Nexa Black Winter Coat,"Nexa Black Winter Coat designed for fashion enthusiasts. This reliable winter coat features modern styling, durable materials, practical performance, and comfortable everyday use. Suitable for home, travel, work, and personal activities.",540.83,https://images.unsplash.com/photo-1000000000326?auto=format&fit=crop&w=400&q=80
item_00327,beauty,sunscreen,Vertex,green,Vertex Green Sunscreen,"Vertex Green Sunscreen designed for beauty enthusiasts. This reliable sunscreen features modern styling, durable materials, practical performance, and comfortable everyday use. Suitable for home, travel, work, and personal activities.",280.45,https://images.unsplash.com/photo-1000000000327?auto=format&fit=crop&w=400&q=80
item_00328,sports,hiking backpack,Nova,red,Nova Red Hiking Backpack,"Nova Red Hiking Backpack designed for sports enthusiasts. This reliable hiking backpack features modern styling, durable materials, practical performance, and comfortable everyday use. Suitable for home, travel, work, and personal activities.",301.8,https://images.unsplash.com/photo-1000000000328?auto=format&fit=crop&w=400&q=80
item_00329,books,personal finance book,Orion,gray,Orion Gray Personal Finance Book,"Orion Gray Personal Finance Book designed for books enthusiasts. This reliable personal finance book features modern styling, durable materials, practical performance, and comfortable everyday use. Suitable for home, travel, work, and personal activities.",837.87,https://images.unsplash.com/photo-1000000000329?auto=format&fit=crop&w=400&q=80
item_00330,electronics,smartphone,Nova,black,Nova Black Smartphone,"Nova Black Smartphone designed for electronics enthusiasts. This reliable smartphone features modern styling, durable materials, practical performance, and comfortable everyday use. Suitable for home, travel, work, and personal activities.",238.96,https://images.unsplash.com/photo-1000000000330?auto=format&fit=crop&w=400&q=80
item_00331,home,vacuum cleaner,Nexa,silver,Nexa Silver Vacuum Cleaner,"Nexa Silver Vacuum Cleaner designed for home enthusiasts. This reliable vacuum cleaner features modern styling, durable materials, practical performance, and comfortable everyday use. Suitable for home, travel, work, and personal activities.",261.12,https://images.unsplash.com/photo-1000000000331?auto=format&fit=crop&w=400&q=80
item_00332,fashion,winter coat,Lumina,white,Lumina White Winter Coat,"Lumina White Winter Coat designed for fashion enthusiasts. This reliable winter coat features modern styling, durable materials, practical performance, and comfortable everyday use. Suitable for home, travel, work, and personal activities.",402.19,https://images.unsplash.com/photo-1000000000332?auto=format&fit=crop&w=400&q=80
item_00333,beauty,hair dryer,Atlas,gray,Atlas Gray Hair Dryer,"Atlas Gray Hair Dryer designed for beauty enthusiasts. This reliable hair dryer features modern styling, durable materials, practical performance, and comfortable everyday use. Suitable for home, travel, work, and personal activities.",728.5,https://images.unsplash.com/photo-1000000000333?auto=format&fit=crop&w=400&q=80
item_00334,sports,football,Pulse,blue,Pulse Blue Football,"Pulse Blue Football designed for sports enthusiasts. This reliable football features modern styling, durable materials, practical performance, and comfortable everyday use. Suitable for home, travel, work, and personal activities.",983.57,https://images.unsplash.com/photo-1000000000334?auto=format&fit=crop&w=400&q=80
item_00335,books,psychology book,Vertex,red,Vertex Red Psychology Book,"Vertex Red Psychology Book designed for books enthusiasts. This reliable psychology book features modern styling, durable materials, practical performance, and comfortable everyday use. Suitable for home, travel, work, and personal activities.",519.43,https://images.unsplash.com/photo-1000000000335?auto=format&fit=crop&w=400&q=80
item_00336,electronics,tablet,Nova,black,Nova Black Tablet,"Nova Black Tablet designed for electronics enthusiasts. This reliable tablet features modern styling, durable materials, practical performance, and comfortable everyday use. Suitable for home, travel, work, and personal activities.",525.02,https://images.unsplash.com/photo-1000000000336?auto=format&fit=crop&w=400&q=80
item_00337,home,kitchen scale,Zenith,red,Zenith Red Kitchen Scale,"Zenith Red Kitchen Scale designed for home enthusiasts. This reliable kitchen scale features modern styling, durable materials, practical performance, and comfortable everyday use. Suitable for home, travel, work, and personal activities.",103.12,https://images.unsplash.com/photo-1000000000337?auto=format&fit=crop&w=400&q=80
item_00338,fashion,sunglasses,Nexa,gray,Nexa Gray Sunglasses,"Nexa Gray Sunglasses designed for fashion enthusiasts. This reliable sunglasses features modern styling, durable materials, practical performance, and comfortable everyday use. Suitable for home, travel, work, and personal activities.",685.75,https://images.unsplash.com/photo-1000000000338?auto=format&fit=crop&w=400&q=80
item_00339,beauty,skin cleanser,Zenith,white,Zenith White Skin Cleanser,"Zenith White Skin Cleanser designed for beauty enthusiasts. This reliable skin cleanser features modern styling, durable materials, practical performance, and comfortable everyday use. Suitable for home, travel, work, and personal activities.",961.92,https://images.unsplash.com/photo-1000000000339?auto=format&fit=crop&w=400&q=80
item_00340,sports,cycling helmet,Vertex,gray,Vertex Gray Cycling Helmet,"Vertex Gray Cycling Helmet designed for sports enthusiasts. This reliable cycling helmet features modern styling, durable materials, practical performance, and comfortable everyday use. Suitable for home, travel, work, and personal activities.",860.38,https://images.unsplash.com/photo-1000000000340?auto=format&fit=crop&w=400&q=80
item_00341,books,business strategy book,Summit,brown,Summit Brown Business Strategy Book,"Summit Brown Business Strategy Book designed for books enthusiasts. This reliable business strategy book features modern styling, durable materials, practical performance, and comfortable everyday use. Suitable for home, travel, work, and personal activities.",220.02,https://images.unsplash.com/photo-1000000000341?auto=format&fit=crop&w=400&q=80
item_00342,electronics,mechanical keyboard,Zenith,brown,Zenith Brown Mechanical Keyboard,"Zenith Brown Mechanical Keyboard designed for electronics enthusiasts. This reliable mechanical keyboard features modern styling, durable materials, practical performance, and comfortable everyday use. Suitable for home, travel, work, and personal activities.",879.57,https://images.unsplash.com/photo-1000000000342?auto=format&fit=crop&w=400&q=80
item_00343,home,bedding set,Lumina,red,Lumina Red Bedding Set,"Lumina Red Bedding Set designed for home enthusiasts. This reliable bedding set features modern styling, durable materials, practical performance, and comfortable everyday use. Suitable for home, travel, work, and personal activities.",521.84,https://images.unsplash.com/photo-1000000000343?auto=format&fit=crop&w=400&q=80
item_00344,fashion,running shoes,Atlas,gray,Atlas Gray Running Shoes,"Atlas Gray Running Shoes designed for fashion enthusiasts. This reliable running shoes features modern styling, durable materials, practical performance, and comfortable everyday use. Suitable for home, travel, work, and personal activities.",785.12,https://images.unsplash.com/photo-1000000000344?auto=format&fit=crop&w=400&q=80
item_00345,beauty,lip balm,Summit,green,Summit Green Lip Balm,"Summit Green Lip Balm designed for beauty enthusiasts. This reliable lip balm features modern styling, durable materials, practical performance, and comfortable everyday use. Suitable for home, travel, work, and personal activities.",113.56,https://images.unsplash.com/photo-1000000000345?auto=format&fit=crop&w=400&q=80
item_00346,sports,football,Summit,gray,Summit Gray Football,"Summit Gray Football designed for sports enthusiasts. This reliable football features modern styling, durable materials, practical performance, and comfortable everyday use. Suitable for home, travel, work, and personal activities.",800.11,https://images.unsplash.com/photo-1000000000346?auto=format&fit=crop&w=400&q=80
item_00347,books,psychology book,Pulse,black,Pulse Black Psychology Book,"Pulse Black Psychology Book designed for books enthusiasts. This reliable psychology book features modern styling, durable materials, practical performance, and comfortable everyday use. Suitable for home, travel, work, and personal activities.",212.34,https://images.unsplash.com/photo-1000000000347?auto=format&fit=crop&w=400&q=80
item_00348,electronics,computer monitor,Atlas,red,Atlas Red Computer Monitor,"Atlas Red Computer Monitor designed for electronics enthusiasts. This reliable computer monitor features modern styling, durable materials, practical performance, and comfortable everyday use. Suitable for home, travel, work, and personal activities.",979.42,https://images.unsplash.com/photo-1000000000348?auto=format&fit=crop&w=400&q=80
item_00349,home,desk lamp,Summit,red,Summit Red Desk Lamp,"Summit Red Desk Lamp designed for home enthusiasts. This reliable desk lamp features modern styling, durable materials, practical performance, and comfortable everyday use. Suitable for home, travel, work, and personal activities.",722.11,https://images.unsplash.com/photo-1000000000349?auto=format&fit=crop&w=400&q=80
item_00350,fashion,wrist watch,Nexa,gray,Nexa Gray Wrist Watch,"Nexa Gray Wrist Watch designed for fashion enthusiasts. This reliable wrist watch features modern styling, durable materials, practical performance, and comfortable everyday use. Suitable for home, travel, work, and personal activities.",325.93,https://images.unsplash.com/photo-1000000000350?auto=format&fit=crop&w=400&q=80
item_00351,beauty,skin cleanser,Orion,green,Orion Green Skin Cleanser,"Orion Green Skin Cleanser designed for beauty enthusiasts. This reliable skin cleanser features modern styling, durable materials, practical performance, and comfortable everyday use. Suitable for home, travel, work, and personal activities.",585.17,https://images.unsplash.com/photo-1000000000351?auto=format&fit=crop&w=400&q=80
item_00352,sports,tennis racket,Zenith,black,Zenith Black Tennis Racket,"Zenith Black Tennis Racket designed for sports enthusiasts. This reliable tennis racket features modern styling, durable materials, practical performance, and comfortable everyday use. Suitable for home, travel, work, and personal activities.",936.02,https://images.unsplash.com/photo-1000000000352?auto=format&fit=crop&w=400&q=80
item_00353,books,personal finance book,Pulse,red,Pulse Red Personal Finance Book,"Pulse Red Personal Finance Book designed for books enthusiasts. This reliable personal finance book features modern styling, durable materials, practical performance, and comfortable everyday use. Suitable for home, travel, work, and personal activities.",204.76,https://images.unsplash.com/photo-1000000000353?auto=format&fit=crop&w=400&q=80
item_00354,electronics,mechanical keyboard,Orion,blue,Orion Blue Mechanical Keyboard,"Orion Blue Mechanical Keyboard designed for electronics enthusiasts. This reliable mechanical keyboard features modern styling, durable materials, practical performance, and comfortable everyday use. Suitable for home, travel, work, and personal activities.",139.79,https://images.unsplash.com/photo-1000000000354?auto=format&fit=crop&w=400&q=80
item_00355,home,storage organizer,Orion,white,Orion White Storage Organizer,"Orion White Storage Organizer designed for home enthusiasts. This reliable storage organizer features modern styling, durable materials, practical performance, and comfortable everyday use. Suitable for home, travel, work, and personal activities.",687.71,https://images.unsplash.com/photo-1000000000355?auto=format&fit=crop&w=400&q=80
item_00356,fashion,running shoes,Orion,black,Orion Black Running Shoes,"Orion Black Running Shoes designed for fashion enthusiasts. This reliable running shoes features modern styling, durable materials, practical performance, and comfortable everyday use. Suitable for home, travel, work, and personal activities.",251.15,https://images.unsplash.com/photo-1000000000356?auto=format&fit=crop&w=400&q=80
item_00357,beauty,sunscreen,Vertex,black,Vertex Black Sunscreen,"Vertex Black Sunscreen designed for beauty enthusiasts. This reliable sunscreen features modern styling, durable materials, practical performance, and comfortable everyday use. Suitable for home, travel, work, and personal activities.",755.96,https://images.unsplash.com/photo-1000000000357?auto=format&fit=crop&w=400&q=80
item_00358,sports,resistance bands,Nexa,blue,Nexa Blue Resistance Bands,"Nexa Blue Resistance Bands designed for sports enthusiasts. This reliable resistance bands features modern styling, durable materials, practical performance, and comfortable everyday use. Suitable for home, travel, work, and personal activities.",210.06,https://images.unsplash.com/photo-1000000000358?auto=format&fit=crop&w=400&q=80
item_00359,books,science fiction novel,Summit,white,Summit White Science Fiction Novel,"Summit White Science Fiction Novel designed for books enthusiasts. This reliable science fiction novel features modern styling, durable materials, practical performance, and comfortable everyday use. Suitable for home, travel, work, and personal activities.",526.78,https://images.unsplash.com/photo-1000000000359?auto=format&fit=crop&w=400&q=80
item_00360,electronics,wireless headphones,Zenith,red,Zenith Red Wireless Headphones,"Zenith Red Wireless Headphones designed for electronics enthusiasts. This reliable wireless headphones features modern styling, durable materials, practical performance, and comfortable everyday use. Suitable for home, travel, work, and personal activities.",54.71,https://images.unsplash.com/photo-1000000000360?auto=format&fit=crop&w=400&q=80
item_00361,home,air purifier,Nova,red,Nova Red Air Purifier,"Nova Red Air Purifier designed for home enthusiasts. This reliable air purifier features modern styling, durable materials, practical performance, and comfortable everyday use. Suitable for home, travel, work, and personal activities.",959.73,https://images.unsplash.com/photo-1000000000361?auto=format&fit=crop&w=400&q=80
item_00362,fashion,hoodie,Lumina,gray,Lumina Gray Hoodie,"Lumina Gray Hoodie designed for fashion enthusiasts. This reliable hoodie features modern styling, durable materials, practical performance, and comfortable everyday use. Suitable for home, travel, work, and personal activities.",119.58,https://images.unsplash.com/photo-1000000000362?auto=format&fit=crop&w=400&q=80
item_00363,beauty,skin cleanser,Apex,blue,Apex Blue Skin Cleanser,"Apex Blue Skin Cleanser designed for beauty enthusiasts. This reliable skin cleanser features modern styling, durable materials, practical performance, and comfortable everyday use. Suitable for home, travel, work, and personal activities.",301.82,https://images.unsplash.com/photo-1000000000363?auto=format&fit=crop&w=400&q=80
item_00364,sports,cycling helmet,Atlas,blue,Atlas Blue Cycling Helmet,"Atlas Blue Cycling Helmet designed for sports enthusiasts. This reliable cycling helmet features modern styling, durable materials, practical performance, and comfortable everyday use. Suitable for home, travel, work, and personal activities.",902.62,https://images.unsplash.com/photo-1000000000364?auto=format&fit=crop&w=400&q=80
item_00365,books,programming book,Vertex,brown,Vertex Brown Programming Book,"Vertex Brown Programming Book designed for books enthusiasts. This reliable programming book features modern styling, durable materials, practical performance, and comfortable everyday use. Suitable for home, travel, work, and personal activities.",982.53,https://images.unsplash.com/photo-1000000000365?auto=format&fit=crop&w=400&q=80
item_00366,electronics,mechanical keyboard,Summit,green,Summit Green Mechanical Keyboard,"Summit Green Mechanical Keyboard designed for electronics enthusiasts. This reliable mechanical keyboard features modern styling, durable materials, practical performance, and comfortable everyday use. Suitable for home, travel, work, and personal activities.",146.41,https://images.unsplash.com/photo-1000000000366?auto=format&fit=crop&w=400&q=80
item_00367,home,desk lamp,Summit,blue,Summit Blue Desk Lamp,"Summit Blue Desk Lamp designed for home enthusiasts. This reliable desk lamp features modern styling, durable materials, practical performance, and comfortable everyday use. Suitable for home, travel, work, and personal activities.",557.36,https://images.unsplash.com/photo-1000000000367?auto=format&fit=crop&w=400&q=80
item_00368,fashion,cotton t-shirt,Nova,silver,Nova Silver Cotton T-Shirt,"Nova Silver Cotton T-Shirt designed for fashion enthusiasts. This reliable cotton t-shirt features modern styling, durable materials, practical performance, and comfortable everyday use. Suitable for home, travel, work, and personal activities.",620.58,https://images.unsplash.com/photo-1000000000368?auto=format&fit=crop&w=400&q=80
item_00369,beauty,body lotion,Zenith,green,Zenith Green Body Lotion,"Zenith Green Body Lotion designed for beauty enthusiasts. This reliable body lotion features modern styling, durable materials, practical performance, and comfortable everyday use. Suitable for home, travel, work, and personal activities.",173.65,https://images.unsplash.com/photo-1000000000369?auto=format&fit=crop&w=400&q=80
item_00370,sports,yoga mat,Apex,red,Apex Red Yoga Mat,"Apex Red Yoga Mat designed for sports enthusiasts. This reliable yoga mat features modern styling, durable materials, practical performance, and comfortable everyday use. Suitable for home, travel, work, and personal activities.",853.4,https://images.unsplash.com/photo-1000000000370?auto=format&fit=crop&w=400&q=80
item_00371,books,business strategy book,Orion,green,Orion Green Business Strategy Book,"Orion Green Business Strategy Book designed for books enthusiasts. This reliable business strategy book features modern styling, durable materials, practical performance, and comfortable everyday use. Suitable for home, travel, work, and personal activities.",737.77,https://images.unsplash.com/photo-1000000000371?auto=format&fit=crop&w=400&q=80
item_00372,electronics,fitness tracker,Apex,silver,Apex Silver Fitness Tracker,"Apex Silver Fitness Tracker designed for electronics enthusiasts. This reliable fitness tracker features modern styling, durable materials, practical performance, and comfortable everyday use. Suitable for home, travel, work, and personal activities.",410.8,https://images.unsplash.com/photo-1000000000372?auto=format&fit=crop&w=400&q=80
item_00373,home,air purifier,Vertex,silver,Vertex Silver Air Purifier,"Vertex Silver Air Purifier designed for home enthusiasts. This reliable air purifier features modern styling, durable materials, practical performance, and comfortable everyday use. Suitable for home, travel, work, and personal activities.",774.62,https://images.unsplash.com/photo-1000000000373?auto=format&fit=crop&w=400&q=80
item_00374,fashion,running shoes,Apex,green,Apex Green Running Shoes,"Apex Green Running Shoes designed for fashion enthusiasts. This reliable running shoes features modern styling, durable materials, practical performance, and comfortable everyday use. Suitable for home, travel, work, and personal activities.",129.44,https://images.unsplash.com/photo-1000000000374?auto=format&fit=crop&w=400&q=80
item_00375,beauty,sunscreen,Apex,brown,Apex Brown Sunscreen,"Apex Brown Sunscreen designed for beauty enthusiasts. This reliable sunscreen features modern styling, durable materials, practical performance, and comfortable everyday use. Suitable for home, travel, work, and personal activities.",109.38,https://images.unsplash.com/photo-1000000000375?auto=format&fit=crop&w=400&q=80
item_00376,sports,tennis racket,Apex,white,Apex White Tennis Racket,"Apex White Tennis Racket designed for sports enthusiasts. This reliable tennis racket features modern styling, durable materials, practical performance, and comfortable everyday use. Suitable for home, travel, work, and personal activities.",187.69,https://images.unsplash.com/photo-1000000000376?auto=format&fit=crop&w=400&q=80
item_00377,books,psychology book,Lumina,red,Lumina Red Psychology Book,"Lumina Red Psychology Book designed for books enthusiasts. This reliable psychology book features modern styling, durable materials, practical performance, and comfortable everyday use. Suitable for home, travel, work, and personal activities.",455.35,https://images.unsplash.com/photo-1000000000377?auto=format&fit=crop&w=400&q=80
item_00378,electronics,smartphone,Apex,brown,Apex Brown Smartphone,"Apex Brown Smartphone designed for electronics enthusiasts. This reliable smartphone features modern styling, durable materials, practical performance, and comfortable everyday use. Suitable for home, travel, work, and personal activities.",852.81,https://images.unsplash.com/photo-1000000000378?auto=format&fit=crop&w=400&q=80
item_00379,home,bedding set,Pulse,silver,Pulse Silver Bedding Set,"Pulse Silver Bedding Set designed for home enthusiasts. This reliable bedding set features modern styling, durable materials, practical performance, and comfortable everyday use. Suitable for home, travel, work, and personal activities.",345.92,https://images.unsplash.com/photo-1000000000379?auto=format&fit=crop&w=400&q=80
item_00380,fashion,winter coat,Pulse,gray,Pulse Gray Winter Coat,"Pulse Gray Winter Coat designed for fashion enthusiasts. This reliable winter coat features modern styling, durable materials, practical performance, and comfortable everyday use. Suitable for home, travel, work, and personal activities.",252.34,https://images.unsplash.com/photo-1000000000380?auto=format&fit=crop&w=400&q=80
item_00381,beauty,shampoo,Apex,white,Apex White Shampoo,"Apex White Shampoo designed for beauty enthusiasts. This reliable shampoo features modern styling, durable materials, practical performance, and comfortable everyday use. Suitable for home, travel, work, and personal activities.",940.61,https://images.unsplash.com/photo-1000000000381?auto=format&fit=crop&w=400&q=80
item_00382,sports,yoga mat,Nexa,black,Nexa Black Yoga Mat,"Nexa Black Yoga Mat designed for sports enthusiasts. This reliable yoga mat features modern styling, durable materials, practical performance, and comfortable everyday use. Suitable for home, travel, work, and personal activities.",522.47,https://images.unsplash.com/photo-1000000000382?auto=format&fit=crop&w=400&q=80
item_00383,books,psychology book,Apex,red,Apex Red Psychology Book,"Apex Red Psychology Book designed for books enthusiasts. This reliable psychology book features modern styling, durable materials, practical performance, and comfortable everyday use. Suitable for home, travel, work, and personal activities.",534.44,https://images.unsplash.com/photo-1000000000383?auto=format&fit=crop&w=400&q=80
item_00384,electronics,computer monitor,Pulse,silver,Pulse Silver Computer Monitor,"Pulse Silver Computer Monitor designed for electronics enthusiasts. This reliable computer monitor features modern styling, durable materials, practical performance, and comfortable everyday use. Suitable for home, travel, work, and personal activities.",140.43,https://images.unsplash.com/photo-1000000000384?auto=format&fit=crop&w=400&q=80
item_00385,home,storage organizer,Orion,white,Orion White Storage Organizer,"Orion White Storage Organizer designed for home enthusiasts. This reliable storage organizer features modern styling, durable materials, practical performance, and comfortable everyday use. Suitable for home, travel, work, and personal activities.",952.72,https://images.unsplash.com/photo-1000000000385?auto=format&fit=crop&w=400&q=80
item_00386,fashion,running shoes,Zenith,silver,Zenith Silver Running Shoes,"Zenith Silver Running Shoes designed for fashion enthusiasts. This reliable running shoes features modern styling, durable materials, practical performance, and comfortable everyday use. Suitable for home, travel, work, and personal activities.",171.93,https://images.unsplash.com/photo-1000000000386?auto=format&fit=crop&w=400&q=80
item_00387,beauty,sunscreen,Orion,green,Orion Green Sunscreen,"Orion Green Sunscreen designed for beauty enthusiasts. This reliable sunscreen features modern styling, durable materials, practical performance, and comfortable everyday use. Suitable for home, travel, work, and personal activities.",215.63,https://images.unsplash.com/photo-1000000000387?auto=format&fit=crop&w=400&q=80
item_00388,sports,dumbbell set,Apex,silver,Apex Silver Dumbbell Set,"Apex Silver Dumbbell Set designed for sports enthusiasts. This reliable dumbbell set features modern styling, durable materials, practical performance, and comfortable everyday use. Suitable for home, travel, work, and personal activities.",127.75,https://images.unsplash.com/photo-1000000000388?auto=format&fit=crop&w=400&q=80
item_00389,books,data science book,Vertex,brown,Vertex Brown Data Science Book,"Vertex Brown Data Science Book designed for books enthusiasts. This reliable data science book features modern styling, durable materials, practical performance, and comfortable everyday use. Suitable for home, travel, work, and personal activities.",328.31,https://images.unsplash.com/photo-1000000000389?auto=format&fit=crop&w=400&q=80
item_00390,electronics,tablet,Lumina,black,Lumina Black Tablet,"Lumina Black Tablet designed for electronics enthusiasts. This reliable tablet features modern styling, durable materials, practical performance, and comfortable everyday use. Suitable for home, travel, work, and personal activities.",406.44,https://images.unsplash.com/photo-1000000000390?auto=format&fit=crop&w=400&q=80
item_00391,home,storage organizer,Pulse,green,Pulse Green Storage Organizer,"Pulse Green Storage Organizer designed for home enthusiasts. This reliable storage organizer features modern styling, durable materials, practical performance, and comfortable everyday use. Suitable for home, travel, work, and personal activities.",195.36,https://images.unsplash.com/photo-1000000000391?auto=format&fit=crop&w=400&q=80
item_00392,fashion,sunglasses,Summit,white,Summit White Sunglasses,"Summit White Sunglasses designed for fashion enthusiasts. This reliable sunglasses features modern styling, durable materials, practical performance, and comfortable everyday use. Suitable for home, travel, work, and personal activities.",744.19,https://images.unsplash.com/photo-1000000000392?auto=format&fit=crop&w=400&q=80
item_00393,beauty,body lotion,Orion,red,Orion Red Body Lotion,"Orion Red Body Lotion designed for beauty enthusiasts. This reliable body lotion features modern styling, durable materials, practical performance, and comfortable everyday use. Suitable for home, travel, work, and personal activities.",161.34,https://images.unsplash.com/photo-1000000000393?auto=format&fit=crop&w=400&q=80
item_00394,sports,football,Summit,gray,Summit Gray Football,"Summit Gray Football designed for sports enthusiasts. This reliable football features modern styling, durable materials, practical performance, and comfortable everyday use. Suitable for home, travel, work, and personal activities.",59.6,https://images.unsplash.com/photo-1000000000394?auto=format&fit=crop&w=400&q=80
item_00395,books,science fiction novel,Summit,blue,Summit Blue Science Fiction Novel,"Summit Blue Science Fiction Novel designed for books enthusiasts. This reliable science fiction novel features modern styling, durable materials, practical performance, and comfortable everyday use. Suitable for home, travel, work, and personal activities.",796.5,https://images.unsplash.com/photo-1000000000395?auto=format&fit=crop&w=400&q=80
item_00396,electronics,fitness tracker,Lumina,black,Lumina Black Fitness Tracker,"Lumina Black Fitness Tracker designed for electronics enthusiasts. This reliable fitness tracker features modern styling, durable materials, practical performance, and comfortable everyday use. Suitable for home, travel, work, and personal activities.",795.69,https://images.unsplash.com/photo-1000000000396?auto=format&fit=crop&w=400&q=80
item_00397,home,kitchen scale,Nexa,white,Nexa White Kitchen Scale,"Nexa White Kitchen Scale designed for home enthusiasts. This reliable kitchen scale features modern styling, durable materials, practical performance, and comfortable everyday use. Suitable for home, travel, work, and personal activities.",924.54,https://images.unsplash.com/photo-1000000000397?auto=format&fit=crop&w=400&q=80
item_00398,fashion,winter coat,Zenith,blue,Zenith Blue Winter Coat,"Zenith Blue Winter Coat designed for fashion enthusiasts. This reliable winter coat features modern styling, durable materials, practical performance, and comfortable everyday use. Suitable for home, travel, work, and personal activities.",12.28,https://images.unsplash.com/photo-1000000000398?auto=format&fit=crop&w=400&q=80
item_00399,beauty,lip balm,Pulse,brown,Pulse Brown Lip Balm,"Pulse Brown Lip Balm designed for beauty enthusiasts. This reliable lip balm features modern styling, durable materials, practical performance, and comfortable everyday use. Suitable for home, travel, work, and personal activities.",288.08,https://images.unsplash.com/photo-1000000000399?auto=format&fit=crop&w=400&q=80
item_00400,sports,sports bottle,Nova,red,Nova Red Sports Bottle,"Nova Red Sports Bottle designed for sports enthusiasts. This reliable sports bottle features modern styling, durable materials, practical performance, and comfortable everyday use. Suitable for home, travel, work, and personal activities.",137.73,https://images.unsplash.com/photo-1000000000400?auto=format&fit=crop&w=400&q=80
item_00401,books,history book,Zenith,white,Zenith White History Book,"Zenith White History Book designed for books enthusiasts. This reliable history book features modern styling, durable materials, practical performance, and comfortable everyday use. Suitable for home, travel, work, and personal activities.",635.95,https://images.unsplash.com/photo-1000000000401?auto=format&fit=crop&w=400&q=80
item_00402,electronics,computer monitor,Orion,white,Orion White Computer Monitor,"Orion White Computer Monitor designed for electronics enthusiasts. This reliable computer monitor features modern styling, durable materials, practical performance, and comfortable everyday use. Suitable for home, travel, work, and personal activities.",325.95,https://images.unsplash.com/photo-1000000000402?auto=format&fit=crop&w=400&q=80
item_00403,home,water bottle,Zenith,gray,Zenith Gray Water Bottle,"Zenith Gray Water Bottle designed for home enthusiasts. This reliable water bottle features modern styling, durable materials, practical performance, and comfortable everyday use. Suitable for home, travel, work, and personal activities.",466.48,https://images.unsplash.com/photo-1000000000403?auto=format&fit=crop&w=400&q=80
item_00404,fashion,denim jacket,Lumina,gray,Lumina Gray Denim Jacket,"Lumina Gray Denim Jacket designed for fashion enthusiasts. This reliable denim jacket features modern styling, durable materials, practical performance, and comfortable everyday use. Suitable for home, travel, work, and personal activities.",478.05,https://images.unsplash.com/photo-1000000000404?auto=format&fit=crop&w=400&q=80
item_00405,beauty,hair dryer,Lumina,brown,Lumina Brown Hair Dryer,"Lumina Brown Hair Dryer designed for beauty enthusiasts. This reliable hair dryer features modern styling, durable materials, practical performance, and comfortable everyday use. Suitable for home, travel, work, and personal activities.",349.28,https://images.unsplash.com/photo-1000000000405?auto=format&fit=crop&w=400&q=80
item_00406,sports,resistance bands,Vertex,black,Vertex Black Resistance Bands,"Vertex Black Resistance Bands designed for sports enthusiasts. This reliable resistance bands features modern styling, durable materials, practical performance, and comfortable everyday use. Suitable for home, travel, work, and personal activities.",847.54,https://images.unsplash.com/photo-1000000000406?auto=format&fit=crop&w=400&q=80
item_00407,books,cooking book,Pulse,black,Pulse Black Cooking Book,"Pulse Black Cooking Book designed for books enthusiasts. This reliable cooking book features modern styling, durable materials, practical performance, and comfortable everyday use. Suitable for home, travel, work, and personal activities.",455.13,https://images.unsplash.com/photo-1000000000407?auto=format&fit=crop&w=400&q=80
item_00408,electronics,mechanical keyboard,Nexa,gray,Nexa Gray Mechanical Keyboard,"Nexa Gray Mechanical Keyboard designed for electronics enthusiasts. This reliable mechanical keyboard features modern styling, durable materials, practical performance, and comfortable everyday use. Suitable for home, travel, work, and personal activities.",991.88,https://images.unsplash.com/photo-1000000000408?auto=format&fit=crop&w=400&q=80
item_00409,home,bedding set,Zenith,green,Zenith Green Bedding Set,"Zenith Green Bedding Set designed for home enthusiasts. This reliable bedding set features modern styling, durable materials, practical performance, and comfortable everyday use. Suitable for home, travel, work, and personal activities.",663.39,https://images.unsplash.com/photo-1000000000409?auto=format&fit=crop&w=400&q=80
item_00410,fashion,hoodie,Orion,blue,Orion Blue Hoodie,"Orion Blue Hoodie designed for fashion enthusiasts. This reliable hoodie features modern styling, durable materials, practical performance, and comfortable everyday use. Suitable for home, travel, work, and personal activities.",372.66,https://images.unsplash.com/photo-1000000000410?auto=format&fit=crop&w=400&q=80
item_00411,beauty,sunscreen,Atlas,gray,Atlas Gray Sunscreen,"Atlas Gray Sunscreen designed for beauty enthusiasts. This reliable sunscreen features modern styling, durable materials, practical performance, and comfortable everyday use. Suitable for home, travel, work, and personal activities.",409.1,https://images.unsplash.com/photo-1000000000411?auto=format&fit=crop&w=400&q=80
item_00412,sports,sports bottle,Pulse,white,Pulse White Sports Bottle,"Pulse White Sports Bottle designed for sports enthusiasts. This reliable sports bottle features modern styling, durable materials, practical performance, and comfortable everyday use. Suitable for home, travel, work, and personal activities.",513.83,https://images.unsplash.com/photo-1000000000412?auto=format&fit=crop&w=400&q=80
item_00413,books,cooking book,Atlas,brown,Atlas Brown Cooking Book,"Atlas Brown Cooking Book designed for books enthusiasts. This reliable cooking book features modern styling, durable materials, practical performance, and comfortable everyday use. Suitable for home, travel, work, and personal activities.",425.1,https://images.unsplash.com/photo-1000000000413?auto=format&fit=crop&w=400&q=80
item_00414,electronics,smartphone,Lumina,red,Lumina Red Smartphone,"Lumina Red Smartphone designed for electronics enthusiasts. This reliable smartphone features modern styling, durable materials, practical performance, and comfortable everyday use. Suitable for home, travel, work, and personal activities.",414.07,https://images.unsplash.com/photo-1000000000414?auto=format&fit=crop&w=400&q=80
item_00415,home,air purifier,Zenith,red,Zenith Red Air Purifier,"Zenith Red Air Purifier designed for home enthusiasts. This reliable air purifier features modern styling, durable materials, practical performance, and comfortable everyday use. Suitable for home, travel, work, and personal activities.",134.54,https://images.unsplash.com/photo-1000000000415?auto=format&fit=crop&w=400&q=80
item_00416,fashion,sunglasses,Nova,blue,Nova Blue Sunglasses,"Nova Blue Sunglasses designed for fashion enthusiasts. This reliable sunglasses features modern styling, durable materials, practical performance, and comfortable everyday use. Suitable for home, travel, work, and personal activities.",658.95,https://images.unsplash.com/photo-1000000000416?auto=format&fit=crop&w=400&q=80
item_00417,beauty,lip balm,Atlas,gray,Atlas Gray Lip Balm,"Atlas Gray Lip Balm designed for beauty enthusiasts. This reliable lip balm features modern styling, durable materials, practical performance, and comfortable everyday use. Suitable for home, travel, work, and personal activities.",29.56,https://images.unsplash.com/photo-1000000000417?auto=format&fit=crop&w=400&q=80
item_00418,sports,sports bottle,Orion,silver,Orion Silver Sports Bottle,"Orion Silver Sports Bottle designed for sports enthusiasts. This reliable sports bottle features modern styling, durable materials, practical performance, and comfortable everyday use. Suitable for home, travel, work, and personal activities.",780.36,https://images.unsplash.com/photo-1000000000418?auto=format&fit=crop&w=400&q=80
item_00419,books,business strategy book,Summit,silver,Summit Silver Business Strategy Book,"Summit Silver Business Strategy Book designed for books enthusiasts. This reliable business strategy book features modern styling, durable materials, practical performance, and comfortable everyday use. Suitable for home, travel, work, and personal activities.",254.2,https://images.unsplash.com/photo-1000000000419?auto=format&fit=crop&w=400&q=80
item_00420,electronics,tablet,Lumina,white,Lumina White Tablet,"Lumina White Tablet designed for electronics enthusiasts. This reliable tablet features modern styling, durable materials, practical performance, and comfortable everyday use. Suitable for home, travel, work, and personal activities.",282.39,https://images.unsplash.com/photo-1000000000420?auto=format&fit=crop&w=400&q=80
item_00421,home,coffee maker,Atlas,white,Atlas White Coffee Maker,"Atlas White Coffee Maker designed for home enthusiasts. This reliable coffee maker features modern styling, durable materials, practical performance, and comfortable everyday use. Suitable for home, travel, work, and personal activities.",290.68,https://images.unsplash.com/photo-1000000000421?auto=format&fit=crop&w=400&q=80
item_00422,fashion,denim jacket,Lumina,brown,Lumina Brown Denim Jacket,"Lumina Brown Denim Jacket designed for fashion enthusiasts. This reliable denim jacket features modern styling, durable materials, practical performance, and comfortable everyday use. Suitable for home, travel, work, and personal activities.",210.49,https://images.unsplash.com/photo-1000000000422?auto=format&fit=crop&w=400&q=80
item_00423,beauty,sunscreen,Summit,green,Summit Green Sunscreen,"Summit Green Sunscreen designed for beauty enthusiasts. This reliable sunscreen features modern styling, durable materials, practical performance, and comfortable everyday use. Suitable for home, travel, work, and personal activities.",704.37,https://images.unsplash.com/photo-1000000000423?auto=format&fit=crop&w=400&q=80
item_00424,sports,football,Summit,green,Summit Green Football,"Summit Green Football designed for sports enthusiasts. This reliable football features modern styling, durable materials, practical performance, and comfortable everyday use. Suitable for home, travel, work, and personal activities.",262.55,https://images.unsplash.com/photo-1000000000424?auto=format&fit=crop&w=400&q=80
item_00425,books,personal finance book,Orion,gray,Orion Gray Personal Finance Book,"Orion Gray Personal Finance Book designed for books enthusiasts. This reliable personal finance book features modern styling, durable materials, practical performance, and comfortable everyday use. Suitable for home, travel, work, and personal activities.",327.28,https://images.unsplash.com/photo-1000000000425?auto=format&fit=crop&w=400&q=80
item_00426,electronics,fitness tracker,Summit,green,Summit Green Fitness Tracker,"Summit Green Fitness Tracker designed for electronics enthusiasts. This reliable fitness tracker features modern styling, durable materials, practical performance, and comfortable everyday use. Suitable for home, travel, work, and personal activities.",688.56,https://images.unsplash.com/photo-1000000000426?auto=format&fit=crop&w=400&q=80
item_00427,home,storage organizer,Pulse,black,Pulse Black Storage Organizer,"Pulse Black Storage Organizer designed for home enthusiasts. This reliable storage organizer features modern styling, durable materials, practical performance, and comfortable everyday use. Suitable for home, travel, work, and personal activities.",406.05,https://images.unsplash.com/photo-1000000000427?auto=format&fit=crop&w=400&q=80
item_00428,fashion,backpack,Nexa,brown,Nexa Brown Backpack,"Nexa Brown Backpack designed for fashion enthusiasts. This reliable backpack features modern styling, durable materials, practical performance, and comfortable everyday use. Suitable for home, travel, work, and personal activities.",449.49,https://images.unsplash.com/photo-1000000000428?auto=format&fit=crop&w=400&q=80
item_00429,beauty,hair dryer,Vertex,brown,Vertex Brown Hair Dryer,"Vertex Brown Hair Dryer designed for beauty enthusiasts. This reliable hair dryer features modern styling, durable materials, practical performance, and comfortable everyday use. Suitable for home, travel, work, and personal activities.",855.43,https://images.unsplash.com/photo-1000000000429?auto=format&fit=crop&w=400&q=80
item_00430,sports,cycling helmet,Orion,silver,Orion Silver Cycling Helmet,"Orion Silver Cycling Helmet designed for sports enthusiasts. This reliable cycling helmet features modern styling, durable materials, practical performance, and comfortable everyday use. Suitable for home, travel, work, and personal activities.",494.92,https://images.unsplash.com/photo-1000000000430?auto=format&fit=crop&w=400&q=80
item_00431,books,personal finance book,Zenith,gray,Zenith Gray Personal Finance Book,"Zenith Gray Personal Finance Book designed for books enthusiasts. This reliable personal finance book features modern styling, durable materials, practical performance, and comfortable everyday use. Suitable for home, travel, work, and personal activities.",340.76,https://images.unsplash.com/photo-1000000000431?auto=format&fit=crop&w=400&q=80
item_00432,electronics,webcam,Apex,red,Apex Red Webcam,"Apex Red Webcam designed for electronics enthusiasts. This reliable webcam features modern styling, durable materials, practical performance, and comfortable everyday use. Suitable for home, travel, work, and personal activities.",924.63,https://images.unsplash.com/photo-1000000000432?auto=format&fit=crop&w=400&q=80
item_00433,home,water bottle,Orion,silver,Orion Silver Water Bottle,"Orion Silver Water Bottle designed for home enthusiasts. This reliable water bottle features modern styling, durable materials, practical performance, and comfortable everyday use. Suitable for home, travel, work, and personal activities.",978.41,https://images.unsplash.com/photo-1000000000433?auto=format&fit=crop&w=400&q=80
item_00434,fashion,running shoes,Atlas,brown,Atlas Brown Running Shoes,"Atlas Brown Running Shoes designed for fashion enthusiasts. This reliable running shoes features modern styling, durable materials, practical performance, and comfortable everyday use. Suitable for home, travel, work, and personal activities.",764.95,https://images.unsplash.com/photo-1000000000434?auto=format&fit=crop&w=400&q=80
item_00435,beauty,body lotion,Vertex,red,Vertex Red Body Lotion,"Vertex Red Body Lotion designed for beauty enthusiasts. This reliable body lotion features modern styling, durable materials, practical performance, and comfortable everyday use. Suitable for home, travel, work, and personal activities.",461.88,https://images.unsplash.com/photo-1000000000435?auto=format&fit=crop&w=400&q=80
item_00436,sports,hiking backpack,Apex,green,Apex Green Hiking Backpack,"Apex Green Hiking Backpack designed for sports enthusiasts. This reliable hiking backpack features modern styling, durable materials, practical performance, and comfortable everyday use. Suitable for home, travel, work, and personal activities.",296.42,https://images.unsplash.com/photo-1000000000436?auto=format&fit=crop&w=400&q=80
item_00437,books,cooking book,Orion,blue,Orion Blue Cooking Book,"Orion Blue Cooking Book designed for books enthusiasts. This reliable cooking book features modern styling, durable materials, practical performance, and comfortable everyday use. Suitable for home, travel, work, and personal activities.",590.09,https://images.unsplash.com/photo-1000000000437?auto=format&fit=crop&w=400&q=80
item_00438,electronics,mechanical keyboard,Zenith,blue,Zenith Blue Mechanical Keyboard,"Zenith Blue Mechanical Keyboard designed for electronics enthusiasts. This reliable mechanical keyboard features modern styling, durable materials, practical performance, and comfortable everyday use. Suitable for home, travel, work, and personal activities.",817.89,https://images.unsplash.com/photo-1000000000438?auto=format&fit=crop&w=400&q=80
item_00439,home,coffee maker,Apex,silver,Apex Silver Coffee Maker,"Apex Silver Coffee Maker designed for home enthusiasts. This reliable coffee maker features modern styling, durable materials, practical performance, and comfortable everyday use. Suitable for home, travel, work, and personal activities.",176.01,https://images.unsplash.com/photo-1000000000439?auto=format&fit=crop&w=400&q=80
item_00440,fashion,denim jacket,Nova,black,Nova Black Denim Jacket,"Nova Black Denim Jacket designed for fashion enthusiasts. This reliable denim jacket features modern styling, durable materials, practical performance, and comfortable everyday use. Suitable for home, travel, work, and personal activities.",799.53,https://images.unsplash.com/photo-1000000000440?auto=format&fit=crop&w=400&q=80
item_00441,beauty,perfume,Vertex,silver,Vertex Silver Perfume,"Vertex Silver Perfume designed for beauty enthusiasts. This reliable perfume features modern styling, durable materials, practical performance, and comfortable everyday use. Suitable for home, travel, work, and personal activities.",146.94,https://images.unsplash.com/photo-1000000000441?auto=format&fit=crop&w=400&q=80
item_00442,sports,hiking backpack,Atlas,green,Atlas Green Hiking Backpack,"Atlas Green Hiking Backpack designed for sports enthusiasts. This reliable hiking backpack features modern styling, durable materials, practical performance, and comfortable everyday use. Suitable for home, travel, work, and personal activities.",396.15,https://images.unsplash.com/photo-1000000000442?auto=format&fit=crop&w=400&q=80
item_00443,books,data science book,Zenith,brown,Zenith Brown Data Science Book,"Zenith Brown Data Science Book designed for books enthusiasts. This reliable data science book features modern styling, durable materials, practical performance, and comfortable everyday use. Suitable for home, travel, work, and personal activities.",200.65,https://images.unsplash.com/photo-1000000000443?auto=format&fit=crop&w=400&q=80
item_00444,electronics,tablet,Vertex,black,Vertex Black Tablet,"Vertex Black Tablet designed for electronics enthusiasts. This reliable tablet features modern styling, durable materials, practical performance, and comfortable everyday use. Suitable for home, travel, work, and personal activities.",623.46,https://images.unsplash.com/photo-1000000000444?auto=format&fit=crop&w=400&q=80
item_00445,home,storage organizer,Nexa,brown,Nexa Brown Storage Organizer,"Nexa Brown Storage Organizer designed for home enthusiasts. This reliable storage organizer features modern styling, durable materials, practical performance, and comfortable everyday use. Suitable for home, travel, work, and personal activities.",981.0,https://images.unsplash.com/photo-1000000000445?auto=format&fit=crop&w=400&q=80
item_00446,fashion,backpack,Nova,brown,Nova Brown Backpack,"Nova Brown Backpack designed for fashion enthusiasts. This reliable backpack features modern styling, durable materials, practical performance, and comfortable everyday use. Suitable for home, travel, work, and personal activities.",792.82,https://images.unsplash.com/photo-1000000000446?auto=format&fit=crop&w=400&q=80
item_00447,beauty,shampoo,Apex,blue,Apex Blue Shampoo,"Apex Blue Shampoo designed for beauty enthusiasts. This reliable shampoo features modern styling, durable materials, practical performance, and comfortable everyday use. Suitable for home, travel, work, and personal activities.",885.99,https://images.unsplash.com/photo-1000000000447?auto=format&fit=crop&w=400&q=80
item_00448,sports,dumbbell set,Lumina,red,Lumina Red Dumbbell Set,"Lumina Red Dumbbell Set designed for sports enthusiasts. This reliable dumbbell set features modern styling, durable materials, practical performance, and comfortable everyday use. Suitable for home, travel, work, and personal activities.",834.19,https://images.unsplash.com/photo-1000000000448?auto=format&fit=crop&w=400&q=80
item_00449,books,data science book,Pulse,white,Pulse White Data Science Book,"Pulse White Data Science Book designed for books enthusiasts. This reliable data science book features modern styling, durable materials, practical performance, and comfortable everyday use. Suitable for home, travel, work, and personal activities.",429.25,https://images.unsplash.com/photo-1000000000449?auto=format&fit=crop&w=400&q=80
item_00450,electronics,portable speaker,Pulse,white,Pulse White Portable Speaker,"Pulse White Portable Speaker designed for electronics enthusiasts. This reliable portable speaker features modern styling, durable materials, practical performance, and comfortable everyday use. Suitable for home, travel, work, and personal activities.",689.29,https://images.unsplash.com/photo-1000000000450?auto=format&fit=crop&w=400&q=80
item_00451,home,vacuum cleaner,Atlas,gray,Atlas Gray Vacuum Cleaner,"Atlas Gray Vacuum Cleaner designed for home enthusiasts. This reliable vacuum cleaner features modern styling, durable materials, practical performance, and comfortable everyday use. Suitable for home, travel, work, and personal activities.",992.11,https://images.unsplash.com/photo-1000000000451?auto=format&fit=crop&w=400&q=80
item_00452,fashion,running shoes,Summit,black,Summit Black Running Shoes,"Summit Black Running Shoes designed for fashion enthusiasts. This reliable running shoes features modern styling, durable materials, practical performance, and comfortable everyday use. Suitable for home, travel, work, and personal activities.",104.24,https://images.unsplash.com/photo-1000000000452?auto=format&fit=crop&w=400&q=80
item_00453,beauty,hair dryer,Lumina,gray,Lumina Gray Hair Dryer,"Lumina Gray Hair Dryer designed for beauty enthusiasts. This reliable hair dryer features modern styling, durable materials, practical performance, and comfortable everyday use. Suitable for home, travel, work, and personal activities.",976.89,https://images.unsplash.com/photo-1000000000453?auto=format&fit=crop&w=400&q=80
item_00454,sports,cycling helmet,Orion,blue,Orion Blue Cycling Helmet,"Orion Blue Cycling Helmet designed for sports enthusiasts. This reliable cycling helmet features modern styling, durable materials, practical performance, and comfortable everyday use. Suitable for home, travel, work, and personal activities.",430.52,https://images.unsplash.com/photo-1000000000454?auto=format&fit=crop&w=400&q=80
item_00455,books,history book,Apex,black,Apex Black History Book,"Apex Black History Book designed for books enthusiasts. This reliable history book features modern styling, durable materials, practical performance, and comfortable everyday use. Suitable for home, travel, work, and personal activities.",675.53,https://images.unsplash.com/photo-1000000000455?auto=format&fit=crop&w=400&q=80
item_00456,electronics,webcam,Orion,blue,Orion Blue Webcam,"Orion Blue Webcam designed for electronics enthusiasts. This reliable webcam features modern styling, durable materials, practical performance, and comfortable everyday use. Suitable for home, travel, work, and personal activities.",833.79,https://images.unsplash.com/photo-1000000000456?auto=format&fit=crop&w=400&q=80
item_00457,home,kitchen scale,Summit,silver,Summit Silver Kitchen Scale,"Summit Silver Kitchen Scale designed for home enthusiasts. This reliable kitchen scale features modern styling, durable materials, practical performance, and comfortable everyday use. Suitable for home, travel, work, and personal activities.",422.49,https://images.unsplash.com/photo-1000000000457?auto=format&fit=crop&w=400&q=80
item_00458,fashion,cotton t-shirt,Orion,white,Orion White Cotton T-Shirt,"Orion White Cotton T-Shirt designed for fashion enthusiasts. This reliable cotton t-shirt features modern styling, durable materials, practical performance, and comfortable everyday use. Suitable for home, travel, work, and personal activities.",803.37,https://images.unsplash.com/photo-1000000000458?auto=format&fit=crop&w=400&q=80
item_00459,beauty,lip balm,Vertex,red,Vertex Red Lip Balm,"Vertex Red Lip Balm designed for beauty enthusiasts. This reliable lip balm features modern styling, durable materials, practical performance, and comfortable everyday use. Suitable for home, travel, work, and personal activities.",894.09,https://images.unsplash.com/photo-1000000000459?auto=format&fit=crop&w=400&q=80
item_00460,sports,cycling helmet,Vertex,green,Vertex Green Cycling Helmet,"Vertex Green Cycling Helmet designed for sports enthusiasts. This reliable cycling helmet features modern styling, durable materials, practical performance, and comfortable everyday use. Suitable for home, travel, work, and personal activities.",105.12,https://images.unsplash.com/photo-1000000000460?auto=format&fit=crop&w=400&q=80
item_00461,books,programming book,Orion,white,Orion White Programming Book,"Orion White Programming Book designed for books enthusiasts. This reliable programming book features modern styling, durable materials, practical performance, and comfortable everyday use. Suitable for home, travel, work, and personal activities.",538.49,https://images.unsplash.com/photo-1000000000461?auto=format&fit=crop&w=400&q=80
item_00462,electronics,mechanical keyboard,Nova,green,Nova Green Mechanical Keyboard,"Nova Green Mechanical Keyboard designed for electronics enthusiasts. This reliable mechanical keyboard features modern styling, durable materials, practical performance, and comfortable everyday use. Suitable for home, travel, work, and personal activities.",10.5,https://images.unsplash.com/photo-1000000000462?auto=format&fit=crop&w=400&q=80
item_00463,home,desk lamp,Nova,red,Nova Red Desk Lamp,"Nova Red Desk Lamp designed for home enthusiasts. This reliable desk lamp features modern styling, durable materials, practical performance, and comfortable everyday use. Suitable for home, travel, work, and personal activities.",776.87,https://images.unsplash.com/photo-1000000000463?auto=format&fit=crop&w=400&q=80
item_00464,fashion,running shoes,Nova,blue,Nova Blue Running Shoes,"Nova Blue Running Shoes designed for fashion enthusiasts. This reliable running shoes features modern styling, durable materials, practical performance, and comfortable everyday use. Suitable for home, travel, work, and personal activities.",824.89,https://images.unsplash.com/photo-1000000000464?auto=format&fit=crop&w=400&q=80
item_00465,beauty,lip balm,Orion,white,Orion White Lip Balm,"Orion White Lip Balm designed for beauty enthusiasts. This reliable lip balm features modern styling, durable materials, practical performance, and comfortable everyday use. Suitable for home, travel, work, and personal activities.",155.39,https://images.unsplash.com/photo-1000000000465?auto=format&fit=crop&w=400&q=80
item_00466,sports,yoga mat,Nexa,blue,Nexa Blue Yoga Mat,"Nexa Blue Yoga Mat designed for sports enthusiasts. This reliable yoga mat features modern styling, durable materials, practical performance, and comfortable everyday use. Suitable for home, travel, work, and personal activities.",543.54,https://images.unsplash.com/photo-1000000000466?auto=format&fit=crop&w=400&q=80
item_00467,books,psychology book,Zenith,silver,Zenith Silver Psychology Book,"Zenith Silver Psychology Book designed for books enthusiasts. This reliable psychology book features modern styling, durable materials, practical performance, and comfortable everyday use. Suitable for home, travel, work, and personal activities.",101.82,https://images.unsplash.com/photo-1000000000467?auto=format&fit=crop&w=400&q=80
item_00468,electronics,computer monitor,Orion,green,Orion Green Computer Monitor,"Orion Green Computer Monitor designed for electronics enthusiasts. This reliable computer monitor features modern styling, durable materials, practical performance, and comfortable everyday use. Suitable for home, travel, work, and personal activities.",264.87,https://images.unsplash.com/photo-1000000000468?auto=format&fit=crop&w=400&q=80
item_00469,home,bedding set,Orion,silver,Orion Silver Bedding Set,"Orion Silver Bedding Set designed for home enthusiasts. This reliable bedding set features modern styling, durable materials, practical performance, and comfortable everyday use. Suitable for home, travel, work, and personal activities.",509.13,https://images.unsplash.com/photo-1000000000469?auto=format&fit=crop&w=400&q=80
item_00470,fashion,winter coat,Atlas,gray,Atlas Gray Winter Coat,"Atlas Gray Winter Coat designed for fashion enthusiasts. This reliable winter coat features modern styling, durable materials, practical performance, and comfortable everyday use. Suitable for home, travel, work, and personal activities.",374.22,https://images.unsplash.com/photo-1000000000470?auto=format&fit=crop&w=400&q=80
item_00471,beauty,skin cleanser,Zenith,white,Zenith White Skin Cleanser,"Zenith White Skin Cleanser designed for beauty enthusiasts. This reliable skin cleanser features modern styling, durable materials, practical performance, and comfortable everyday use. Suitable for home, travel, work, and personal activities.",216.29,https://images.unsplash.com/photo-1000000000471?auto=format&fit=crop&w=400&q=80
item_00472,sports,hiking backpack,Atlas,brown,Atlas Brown Hiking Backpack,"Atlas Brown Hiking Backpack designed for sports enthusiasts. This reliable hiking backpack features modern styling, durable materials, practical performance, and comfortable everyday use. Suitable for home, travel, work, and personal activities.",95.11,https://images.unsplash.com/photo-1000000000472?auto=format&fit=crop&w=400&q=80
item_00473,books,data science book,Orion,white,Orion White Data Science Book,"Orion White Data Science Book designed for books enthusiasts. This reliable data science book features modern styling, durable materials, practical performance, and comfortable everyday use. Suitable for home, travel, work, and personal activities.",183.58,https://images.unsplash.com/photo-1000000000473?auto=format&fit=crop&w=400&q=80
item_00474,electronics,wireless headphones,Nexa,black,Nexa Black Wireless Headphones,"Nexa Black Wireless Headphones designed for electronics enthusiasts. This reliable wireless headphones features modern styling, durable materials, practical performance, and comfortable everyday use. Suitable for home, travel, work, and personal activities.",990.47,https://images.unsplash.com/photo-1000000000474?auto=format&fit=crop&w=400&q=80
item_00475,home,storage organizer,Nexa,white,Nexa White Storage Organizer,"Nexa White Storage Organizer designed for home enthusiasts. This reliable storage organizer features modern styling, durable materials, practical performance, and comfortable everyday use. Suitable for home, travel, work, and personal activities.",656.99,https://images.unsplash.com/photo-1000000000475?auto=format&fit=crop&w=400&q=80
item_00476,fashion,hoodie,Zenith,brown,Zenith Brown Hoodie,"Zenith Brown Hoodie designed for fashion enthusiasts. This reliable hoodie features modern styling, durable materials, practical performance, and comfortable everyday use. Suitable for home, travel, work, and personal activities.",876.32,https://images.unsplash.com/photo-1000000000476?auto=format&fit=crop&w=400&q=80
item_00477,beauty,skin cleanser,Summit,brown,Summit Brown Skin Cleanser,"Summit Brown Skin Cleanser designed for beauty enthusiasts. This reliable skin cleanser features modern styling, durable materials, practical performance, and comfortable everyday use. Suitable for home, travel, work, and personal activities.",874.12,https://images.unsplash.com/photo-1000000000477?auto=format&fit=crop&w=400&q=80
item_00478,sports,tennis racket,Vertex,green,Vertex Green Tennis Racket,"Vertex Green Tennis Racket designed for sports enthusiasts. This reliable tennis racket features modern styling, durable materials, practical performance, and comfortable everyday use. Suitable for home, travel, work, and personal activities.",659.5,https://images.unsplash.com/photo-1000000000478?auto=format&fit=crop&w=400&q=80
item_00479,books,business strategy book,Summit,blue,Summit Blue Business Strategy Book,"Summit Blue Business Strategy Book designed for books enthusiasts. This reliable business strategy book features modern styling, durable materials, practical performance, and comfortable everyday use. Suitable for home, travel, work, and personal activities.",737.37,https://images.unsplash.com/photo-1000000000479?auto=format&fit=crop&w=400&q=80
item_00480,electronics,wireless headphones,Pulse,gray,Pulse Gray Wireless Headphones,"Pulse Gray Wireless Headphones designed for electronics enthusiasts. This reliable wireless headphones features modern styling, durable materials, practical performance, and comfortable everyday use. Suitable for home, travel, work, and personal activities.",830.25,https://images.unsplash.com/photo-1000000000480?auto=format&fit=crop&w=400&q=80
item_00481,home,vacuum cleaner,Orion,gray,Orion Gray Vacuum Cleaner,"Orion Gray Vacuum Cleaner designed for home enthusiasts. This reliable vacuum cleaner features modern styling, durable materials, practical performance, and comfortable everyday use. Suitable for home, travel, work, and personal activities.",36.3,https://images.unsplash.com/photo-1000000000481?auto=format&fit=crop&w=400&q=80
item_00482,fashion,winter coat,Nova,brown,Nova Brown Winter Coat,"Nova Brown Winter Coat designed for fashion enthusiasts. This reliable winter coat features modern styling, durable materials, practical performance, and comfortable everyday use. Suitable for home, travel, work, and personal activities.",491.32,https://images.unsplash.com/photo-1000000000482?auto=format&fit=crop&w=400&q=80
item_00483,beauty,hair dryer,Lumina,blue,Lumina Blue Hair Dryer,"Lumina Blue Hair Dryer designed for beauty enthusiasts. This reliable hair dryer features modern styling, durable materials, practical performance, and comfortable everyday use. Suitable for home, travel, work, and personal activities.",424.46,https://images.unsplash.com/photo-1000000000483?auto=format&fit=crop&w=400&q=80
item_00484,sports,cycling helmet,Atlas,black,Atlas Black Cycling Helmet,"Atlas Black Cycling Helmet designed for sports enthusiasts. This reliable cycling helmet features modern styling, durable materials, practical performance, and comfortable everyday use. Suitable for home, travel, work, and personal activities.",565.6,https://images.unsplash.com/photo-1000000000484?auto=format&fit=crop&w=400&q=80
item_00485,books,psychology book,Vertex,red,Vertex Red Psychology Book,"Vertex Red Psychology Book designed for books enthusiasts. This reliable psychology book features modern styling, durable materials, practical performance, and comfortable everyday use. Suitable for home, travel, work, and personal activities.",277.98,https://images.unsplash.com/photo-1000000000485?auto=format&fit=crop&w=400&q=80
item_00486,electronics,smartphone,Pulse,white,Pulse White Smartphone,"Pulse White Smartphone designed for electronics enthusiasts. This reliable smartphone features modern styling, durable materials, practical performance, and comfortable everyday use. Suitable for home, travel, work, and personal activities.",568.44,https://images.unsplash.com/photo-1000000000486?auto=format&fit=crop&w=400&q=80
item_00487,home,air purifier,Lumina,gray,Lumina Gray Air Purifier,"Lumina Gray Air Purifier designed for home enthusiasts. This reliable air purifier features modern styling, durable materials, practical performance, and comfortable everyday use. Suitable for home, travel, work, and personal activities.",75.41,https://images.unsplash.com/photo-1000000000487?auto=format&fit=crop&w=400&q=80
item_00488,fashion,denim jacket,Nova,black,Nova Black Denim Jacket,"Nova Black Denim Jacket designed for fashion enthusiasts. This reliable denim jacket features modern styling, durable materials, practical performance, and comfortable everyday use. Suitable for home, travel, work, and personal activities.",895.56,https://images.unsplash.com/photo-1000000000488?auto=format&fit=crop&w=400&q=80
item_00489,beauty,shampoo,Atlas,gray,Atlas Gray Shampoo,"Atlas Gray Shampoo designed for beauty enthusiasts. This reliable shampoo features modern styling, durable materials, practical performance, and comfortable everyday use. Suitable for home, travel, work, and personal activities.",180.23,https://images.unsplash.com/photo-1000000000489?auto=format&fit=crop&w=400&q=80
item_00490,sports,football,Nexa,black,Nexa Black Football,"Nexa Black Football designed for sports enthusiasts. This reliable football features modern styling, durable materials, practical performance, and comfortable everyday use. Suitable for home, travel, work, and personal activities.",481.32,https://images.unsplash.com/photo-1000000000490?auto=format&fit=crop&w=400&q=80
item_00491,books,history book,Nexa,brown,Nexa Brown History Book,"Nexa Brown History Book designed for books enthusiasts. This reliable history book features modern styling, durable materials, practical performance, and comfortable everyday use. Suitable for home, travel, work, and personal activities.",68.88,https://images.unsplash.com/photo-1000000000491?auto=format&fit=crop&w=400&q=80
item_00492,electronics,mechanical keyboard,Apex,red,Apex Red Mechanical Keyboard,"Apex Red Mechanical Keyboard designed for electronics enthusiasts. This reliable mechanical keyboard features modern styling, durable materials, practical performance, and comfortable everyday use. Suitable for home, travel, work, and personal activities.",203.52,https://images.unsplash.com/photo-1000000000492?auto=format&fit=crop&w=400&q=80
item_00493,home,vacuum cleaner,Orion,gray,Orion Gray Vacuum Cleaner,"Orion Gray Vacuum Cleaner designed for home enthusiasts. This reliable vacuum cleaner features modern styling, durable materials, practical performance, and comfortable everyday use. Suitable for home, travel, work, and personal activities.",221.94,https://images.unsplash.com/photo-1000000000493?auto=format&fit=crop&w=400&q=80
item_00494,fashion,wrist watch,Nova,red,Nova Red Wrist Watch,"Nova Red Wrist Watch designed for fashion enthusiasts. This reliable wrist watch features modern styling, durable materials, practical performance, and comfortable everyday use. Suitable for home, travel, work, and personal activities.",428.5,https://images.unsplash.com/photo-1000000000494?auto=format&fit=crop&w=400&q=80
item_00495,beauty,shampoo,Pulse,white,Pulse White Shampoo,"Pulse White Shampoo designed for beauty enthusiasts. This reliable shampoo features modern styling, durable materials, practical performance, and comfortable everyday use. Suitable for home, travel, work, and personal activities.",143.34,https://images.unsplash.com/photo-1000000000495?auto=format&fit=crop&w=400&q=80
item_00496,sports,hiking backpack,Nexa,white,Nexa White Hiking Backpack,"Nexa White Hiking Backpack designed for sports enthusiasts. This reliable hiking backpack features modern styling, durable materials, practical performance, and comfortable everyday use. Suitable for home, travel, work, and personal activities.",367.14,https://images.unsplash.com/photo-1000000000496?auto=format&fit=crop&w=400&q=80
item_00497,books,science fiction novel,Apex,black,Apex Black Science Fiction Novel,"Apex Black Science Fiction Novel designed for books enthusiasts. This reliable science fiction novel features modern styling, durable materials, practical performance, and comfortable everyday use. Suitable for home, travel, work, and personal activities.",363.79,https://images.unsplash.com/photo-1000000000497?auto=format&fit=crop&w=400&q=80
item_00498,electronics,mechanical keyboard,Apex,brown,Apex Brown Mechanical Keyboard,"Apex Brown Mechanical Keyboard designed for electronics enthusiasts. This reliable mechanical keyboard features modern styling, durable materials, practical performance, and comfortable everyday use. Suitable for home, travel, work, and personal activities.",213.33,https://images.unsplash.com/photo-1000000000498?auto=format&fit=crop&w=400&q=80
item_00499,home,vacuum cleaner,Nexa,brown,Nexa Brown Vacuum Cleaner,"Nexa Brown Vacuum Cleaner designed for home enthusiasts. This reliable vacuum cleaner features modern styling, durable materials, practical performance, and comfortable everyday use. Suitable for home, travel, work, and personal activities.",930.36,https://images.unsplash.com/photo-1000000000499?auto=format&fit=crop&w=400&q=80
